ACTIVIDAD_ECONOMICA_CIIU;ANIO;Coefficients;Mean squared error;Variance score
111.0;2021;[33.];99458.00;0.01
111.0;2022;[33.];74593.50;0.02
111.0;2023;[33.];59674.80;0.04
111.0;2024;[33.];49729.00;0.06
111.0;2025;[33.];42624.86;0.09
113.0;2021;[3.2];0.00;1.00
113.0;2022;[3.2];0.00;1.00
113.0;2023;[3.2];0.00;1.00
113.0;2024;[3.2];0.00;1.00
113.0;2025;[3.2];0.00;1.00
119.0;2021;[0.];0.00;nan
119.0;2022;[0.];0.00;1.00
119.0;2023;[0.];0.00;1.00
119.0;2024;[0.];0.00;1.00
119.0;2025;[0.];0.00;1.00
121.0;2021;[0.];0.00;nan
121.0;2022;[0.];0.00;1.00
121.0;2023;[0.];0.00;1.00
121.0;2024;[0.];0.00;1.00
121.0;2025;[0.];0.00;1.00
124.0;2021;[0.];0.00;nan
124.0;2022;[0.];0.00;1.00
124.0;2023;[0.];0.00;1.00
124.0;2024;[0.];0.00;1.00
124.0;2025;[0.];0.00;1.00
125.0;2021;[-7335.72628571];225012200.95;0.41
125.0;2022;[-4584.82889286];243317177.25;0.26
125.0;2023;[-3056.55257143];237426629.50;0.17
125.0;2024;[-2139.58678333];224125412.43;0.12
125.0;2025;[-2139.58677576];201712871.19;0.16
126.0;2021;[170.25];52652.37;0.62
126.0;2022;[170.25];45130.61;0.72
126.0;2023;[170.25];39489.28;0.79
126.0;2024;[170.25];35101.58;0.85
126.0;2025;[170.25];31591.42;0.88
128.0;2021;[0.];0.00;nan
128.0;2022;[0.];0.00;1.00
128.0;2023;[0.];0.00;1.00
128.0;2024;[0.];0.00;1.00
128.0;2025;[0.];0.00;1.00
130.0;2021;[29.334];687.09;0.61
130.0;2022;[29.334];549.67;0.87
130.0;2023;[29.334];458.06;0.92
130.0;2024;[29.334];392.62;0.95
130.0;2025;[29.334];343.54;0.96
144.0;2021;[223.75];4560.12;0.88
144.0;2022;[223.75];3420.09;0.95
144.0;2023;[223.75];2736.07;0.97
144.0;2024;[223.75];2280.06;0.98
144.0;2025;[223.75];1954.34;0.99
145.0;2021;[83.26485714];141226.36;0.13
145.0;2022;[83.26485714];121051.17;0.19
145.0;2023;[83.26486905];105919.77;0.26
145.0;2024;[83.26488333];94150.91;0.33
145.0;2025;[83.26489697];84735.82;0.40
149.0;2021;[-21.014];393.28;0.69
149.0;2022;[-21.014];327.73;0.80
149.0;2023;[-21.014];280.91;0.86
149.0;2024;[-14.00933333];760.99;0.58
149.0;2025;[-14.00933333];676.43;0.66
150.0;2021;[-159.21428571];25801.93;0.60
150.0;2022;[-74.3];35124.28;0.28
150.0;2023;[-43.19767442];32721.23;0.16
150.0;2024;[-43.1976646];27267.69;0.23
150.0;2025;[-43.19768841];23372.30;0.31
161.0;2021;[-8.54857143];966.23;0.18
161.0;2022;[-8.54857143];828.20;0.26
161.0;2023;[-8.54860714];724.67;0.35
161.0;2024;[-8.54858333];644.15;0.43
161.0;2025;[-8.54859394];579.74;0.51
162.0;2021;[176.85];2632.96;0.89
162.0;2022;[176.85006024];1974.72;0.99
162.0;2023;[176.8500567];1579.78;0.99
162.0;2024;[176.85005172];1316.48;1.00
162.0;2025;[176.85004676];1128.41;1.00
210.0;2021;[-88.7];0.00;1.00
210.0;2022;[-9.50357143];1170.79;0.11
210.0;2023;[-9.5036];878.09;0.20
210.0;2024;[-9.50366279];702.47;0.31
210.0;2025;[-9.50361491];585.39;0.41
510.0;2021;[-37091.3];35251445.78;0.96
510.0;2022;[-14836.52];439167945.04;0.39
510.0;2023;[-14836.52];351334356.03;0.56
510.0;2024;[-14836.52];292778630.03;0.69
510.0;2025;[-9272.825];457317791.81;0.43
520.0;2021;[4.02631579];837.55;0.08
520.0;2022;[4.02630952];628.16;0.12
520.0;2023;[4.02627922];502.53;0.17
520.0;2024;[4.02624514];418.78;0.22
520.0;2025;[4.02627475];358.95;0.27
610.0;2021;[-623.98457143];21741961.18;0.05
610.0;2022;[-623.98460714];18635966.73;0.08
610.0;2023;[-623.98457143];16306470.89;0.11
610.0;2024;[-623.98458333];14494640.79;0.15
610.0;2025;[-623.98455758];13045176.71;0.20
620.0;2021;[263.42857143];198776.96;0.35
620.0;2022;[263.42857143];149082.72;0.50
620.0;2023;[263.42863514];119266.18;0.63
620.0;2024;[263.42858571];99388.48;0.73
620.0;2025;[263.42860246];85190.13;0.80
722.0;2021;[-631.84];3339221.94;0.26
722.0;2022;[-631.83996429];2862190.23;0.36
722.0;2023;[-421.22661905];2970175.26;0.24
722.0;2024;[-421.22661667];2640155.78;0.31
722.0;2025;[-306.34665455];2666483.13;0.23
723.0;2021;[-159.45857143];37645.09;0.66
723.0;2022;[-159.45860714];32267.22;0.76
723.0;2023;[-159.45857143];28233.82;0.83
723.0;2024;[-111.62098333];60694.60;0.58
723.0;2025;[-111.62097576];54625.14;0.65
729.0;2021;[0.];0.00;nan
729.0;2022;[0.];0.00;1.00
729.0;2023;[-4.33641324e-29];0.00;0.00
729.0;2024;[0.];0.00;1.00
729.0;2025;[0.];0.00;1.00
811.0;2021;[-27.12857143];115755.69;0.02
811.0;2022;[-27.12853571];99219.16;0.03
811.0;2023;[-27.12855952];86816.76;0.04
811.0;2024;[-27.12853333];77170.46;0.06
811.0;2025;[-27.12854545];69453.41;0.08
812.0;2021;[-3.71142857];4685.53;0.01
812.0;2022;[-3.71136486];3748.42;0.01
812.0;2023;[-3.71141429];3123.69;0.02
812.0;2024;[-3.71139754];2677.45;0.02
812.0;2025;[-3.71143358];2342.76;0.04
820.0;2021;[-33.57142857];22034.38;0.07
820.0;2022;[-33.5714];16525.79;0.15
820.0;2023;[-33.57133721];13220.63;0.23
820.0;2024;[-21.51901863];12177.08;0.15
820.0;2025;[-21.51905435];10437.50;0.20
892.0;2021;[28.53];5203.06;0.24
892.0;2022;[28.53];4335.88;0.42
892.0;2023;[28.53];3716.47;0.55
892.0;2024;[28.53];3251.91;0.65
892.0;2025;[28.53];2890.59;0.72
899.0;2021;[20.15];0.00;1.00
899.0;2022;[20.15];0.00;1.00
899.0;2023;[20.15];0.00;1.00
899.0;2024;[20.15];0.00;1.00
899.0;2025;[20.15];0.00;1.00
910.0;2021;[499.67657143];15192455.43;0.05
910.0;2022;[499.67660714];13022104.65;0.07
910.0;2023;[499.67657143];11394341.57;0.10
910.0;2024;[499.67658333];10128303.62;0.14
910.0;2025;[499.67655758];9115473.26;0.18
990.0;2021;[12.25];455.01;0.18
990.0;2022;[12.24992857];341.26;0.61
990.0;2023;[12.24993284];273.01;0.75
990.0;2024;[12.24993976];227.51;0.82
990.0;2025;[12.2499466];195.01;0.87
1011.0;2021;[338.108];334391.11;0.50
1011.0;2022;[338.10803571];286620.95;0.61
1011.0;2023;[338.10804762];250793.33;0.71
1011.0;2024;[338.10805];222927.41;0.77
1011.0;2025;[338.10804848];200634.67;0.82
1012.0;2021;[131.41];42663.47;0.34
1012.0;2022;[131.41];34130.77;0.50
1012.0;2023;[131.41];28442.31;0.64
1012.0;2024;[131.41];24379.12;0.74
1012.0;2025;[131.41];21331.73;0.81
1020.0;2021;[-265.22571429];376706.32;0.35
1020.0;2022;[-265.22567857];322891.14;0.47
1020.0;2023;[-176.81710714];364598.54;0.31
1020.0;2024;[-176.8171];324087.59;0.39
1020.0;2025;[-176.81709091];291678.83;0.47
1030.0;2021;[2483.24485714];16052655.44;0.53
1030.0;2022;[2483.24489286];13759418.95;0.64
1030.0;2023;[2483.24491667];12039491.58;0.73
1030.0;2024;[2483.24493333];10701770.30;0.79
1030.0;2025;[2483.24494545];9631593.27;0.84
1040.0;2021;[802.28914286];778546.34;0.71
1040.0;2022;[802.28914286];667325.43;0.79
1040.0;2023;[802.28913095];583909.75;0.85
1040.0;2024;[802.28911667];519030.89;0.89
1040.0;2025;[802.28910303];467127.80;0.92
1051.0;2021;[128.65428571];297678.26;0.14
1051.0;2022;[128.65425];255152.80;0.21
1051.0;2023;[128.65421429];223258.70;0.28
1051.0;2024;[128.65418333];198452.17;0.36
1051.0;2025;[128.65415758];178606.96;0.43
1052.0;2021;[-239.4];0.00;1.00
1052.0;2022;[-13.81153846];9000.98;0.06
1052.0;2023;[-13.81147059];6750.73;0.11
1052.0;2024;[-13.81150746];5400.59;0.16
1052.0;2025;[-13.81148069];4500.49;0.22
1061.0;2021;[54.91142857];12677.41;0.41
1061.0;2022;[54.91142857];10866.35;0.53
1061.0;2023;[54.91139286];9508.05;0.62
1061.0;2024;[54.91141667];8451.60;0.70
1061.0;2025;[54.91140606];7606.44;0.77
1062.0;2021;[-17.066];413312.40;0.00
1062.0;2022;[-17.06603571];354267.78;0.00
1062.0;2023;[-17.06604762];309984.30;0.00
1062.0;2024;[-17.06605];275541.60;0.01
1062.0;2025;[-17.06604848];247987.44;0.01
1063.0;2021;[-245.19114286];346449.16;0.34
1063.0;2022;[-245.19117857];296956.42;0.45
1063.0;2023;[-163.4607619];329975.41;0.30
1063.0;2024;[-163.46078333];293311.48;0.38
1063.0;2025;[-118.88058788];307702.99;0.27
1071.0;2021;[-197.35485714];11048211.12;0.01
1071.0;2022;[-197.35489286];9469895.25;0.02
1071.0;2023;[-197.35491667];8286158.34;0.02
1071.0;2024;[-197.35493333];7365474.08;0.03
1071.0;2025;[-197.35494545];6628926.67;0.05
1072.0;2021;[7.37];865.24;0.15
1072.0;2022;[7.36996429];741.64;0.23
1072.0;2023;[7.36995238];648.93;0.31
1072.0;2024;[7.36995];576.83;0.39
1072.0;2025;[7.36995152];519.15;0.46
1081.0;2021;[969.26428571];9033472.47;0.23
1081.0;2022;[969.26425];7742976.40;0.33
1081.0;2023;[969.26421429];6775104.35;0.42
1081.0;2024;[969.26418333];6022314.98;0.51
1081.0;2025;[969.26415758];5420083.48;0.59
1082.0;2021;[-1084.07714286];1007331.60;0.77
1082.0;2022;[-677.54821429];1965198.89;0.48
1082.0;2023;[-451.69880952];2255132.54;0.32
1082.0;2024;[-451.69883333];2004562.26;0.40
1082.0;2025;[-451.69885455];1804106.03;0.48
1083.0;2021;[-38.15714286];8418.00;0.38
1083.0;2022;[-38.15709434];6734.40;0.48
1083.0;2023;[-38.15706486];5612.00;0.57
1083.0;2024;[-27.09071711];6670.23;0.41
1083.0;2025;[-19.77332353];6912.57;0.30
1084.0;2021;[4.064];334.47;0.09
1084.0;2022;[4.064];278.73;0.15
1084.0;2023;[4.064];238.91;0.22
1084.0;2024;[4.064];209.05;0.29
1084.0;2025;[4.064];185.82;0.37
1089.0;2021;[1288.01371429];11651890.82;0.29
1089.0;2022;[1288.01367857];9987334.99;0.40
1089.0;2023;[1288.01369048];8738918.12;0.50
1089.0;2024;[1288.01371667];7767927.21;0.59
1089.0;2025;[1288.01369091];6991134.49;0.66
1090.0;2021;[185.53942857];1823851.44;0.05
1090.0;2022;[185.53942857];1563301.23;0.08
1090.0;2023;[185.53939286];1367888.58;0.12
1090.0;2024;[185.53941667];1215900.96;0.16
1090.0;2025;[185.53940606];1094310.86;0.21
1101.0;2021;[12.22971429];27698.40;0.02
1101.0;2022;[12.22975];23741.48;0.02
1101.0;2023;[12.22978571];20773.80;0.04
1101.0;2024;[12.22981667];18465.60;0.05
1101.0;2025;[12.22984242];16619.04;0.07
1102.0;2021;[30.];13150.00;0.08
1102.0;2022;[30.];10520.00;0.27
1102.0;2023;[30.];8766.67;0.40
1102.0;2024;[30.];7514.29;0.50
1102.0;2025;[30.];6575.00;0.58
1103.0;2021;[346.86];232284.16;0.60
1103.0;2022;[346.86];199100.71;0.71
1103.0;2023;[346.86];174213.12;0.78
1103.0;2024;[346.86];154856.11;0.84
1103.0;2025;[346.86];139370.50;0.88
1104.0;2021;[35714.13914286];3069934054.70;0.55
1104.0;2022;[35714.13910714];2631372046.89;0.66
1104.0;2023;[35714.13908333];2302450541.03;0.74
1104.0;2024;[35714.13906667];2046622703.13;0.81
1104.0;2025;[35714.13905455];1841960432.82;0.85
1200.0;2021;[-26.84];1015212.49;0.00
1200.0;2022;[-26.84];812169.99;0.00
1200.0;2023;[-26.84];676808.33;0.00
1200.0;2024;[-26.84];580121.42;0.01
1200.0;2025;[-26.84];507606.24;0.01
1311.0;2021;[-476.666];165279.75;0.80
1311.0;2022;[-297.91628571];354678.09;0.50
1311.0;2023;[-198.61088095];413889.75;0.33
1311.0;2024;[-198.6109];367902.00;0.42
1311.0;2025;[-198.61091515];331111.80;0.50
1312.0;2021;[-1707.02342857];6909694.90;0.55
1312.0;2022;[-1066.88964286];8654404.05;0.34
1312.0;2023;[-1066.88967857];7572603.55;0.44
1312.0;2024;[-746.82278333];8324758.09;0.31
1312.0;2025;[-746.82279394];7492282.28;0.38
1313.0;2021;[-186.03857143];42952.02;0.70
1313.0;2022;[-186.03853571];36816.02;0.79
1313.0;2023;[-124.02572619];72592.70;0.53
1313.0;2024;[-124.0257];64526.84;0.61
1313.0;2025;[-90.20048485];83245.35;0.45
1391.0;2021;[0.];0.00;nan
1391.0;2022;[0.];0.00;1.00
1391.0;2023;[0.];0.00;1.00
1391.0;2024;[0.];0.00;1.00
1391.0;2025;[0.];0.00;1.00
1392.0;2021;[-59.93371429];27878.26;0.27
1392.0;2022;[-59.93367857];23895.65;0.38
1392.0;2023;[-59.93369048];20908.70;0.47
1392.0;2024;[-41.95358333];23614.38;0.33
1392.0;2025;[-41.95358788];21252.94;0.41
1393.0;2021;[7.39];1133.37;0.09
1393.0;2022;[7.39];944.48;0.18
1393.0;2023;[7.39];809.55;0.28
1393.0;2024;[7.39];708.36;0.36
1393.0;2025;[7.39];629.65;0.44
1394.0;2021;[-71.66666667];0.00;1.00
1394.0;2022;[-37.21153846];3703.93;0.52
1394.0;2023;[-37.21157143];2777.94;0.64
1394.0;2024;[-24.57370755];3539.12;0.42
1394.0;2025;[-24.57367027];2949.27;0.51
1399.0;2021;[-179.04];31432.43;0.75
1399.0;2022;[-179.04];26942.08;0.83
1399.0;2023;[-119.36];60972.20;0.55
1399.0;2024;[-119.36];54197.51;0.64
1399.0;2025;[-86.80727273];72090.72;0.46
1410.0;2021;[-162.77571429];2492205.67;0.03
1410.0;2022;[-162.77575];2136176.29;0.05
1410.0;2023;[-162.77578571];1869154.25;0.07
1410.0;2024;[-162.77581667];1661470.45;0.10
1410.0;2025;[-162.77584242];1495323.40;0.13
1511.0;2021;[19.08828571];7511.95;0.12
1511.0;2022;[19.08828571];6438.81;0.18
1511.0;2023;[19.0882619];5633.96;0.25
1511.0;2024;[19.08823333];5007.96;0.33
1511.0;2025;[19.08826061];4507.17;0.40
1512.0;2021;[16.187];6654.05;0.07
1512.0;2022;[16.187];5545.04;0.12
1512.0;2023;[16.187];4752.89;0.18
1512.0;2024;[16.187];4158.78;0.25
1512.0;2025;[16.187];3696.69;0.32
1513.0;2021;[-333.4];276972.76;0.54
1513.0;2022;[-208.37503571];341613.50;0.34
1513.0;2023;[-138.91671429];349568.62;0.22
1513.0;2024;[-138.91671667];310727.67;0.29
1513.0;2025;[-101.03033333];311233.22;0.21
1521.0;2021;[75.52142857];35014.17;0.32
1521.0;2022;[75.52146429];30012.15;0.43
1521.0;2023;[75.52144048];26260.63;0.53
1521.0;2024;[75.52146667];23342.78;0.62
1521.0;2025;[75.52145455];21008.50;0.69
1522.0;2021;[1504.75714286];9664992.54;0.41
1522.0;2022;[1504.75710714];8284279.32;0.52
1522.0;2023;[1504.75708333];7248744.41;0.62
1522.0;2024;[1504.75706667];6443328.36;0.70
1522.0;2025;[1504.75705455];5798995.53;0.76
1523.0;2021;[0.];0.00;nan
1523.0;2022;[0.];0.00;1.00
1523.0;2023;[0.];0.00;1.00
1523.0;2024;[0.];0.00;1.00
1523.0;2025;[0.];0.00;1.00
1610.0;2021;[-21.8];0.00;1.00
1610.0;2022;[-9.34285714];724.18;0.43
1610.0;2023;[-9.34284348];543.13;0.54
1610.0;2024;[-9.34285];434.51;0.62
1610.0;2025;[-9.3428625];362.09;0.68
1620.0;2021;[-19.55];1932.35;0.12
1620.0;2022;[-19.55008571];1449.26;0.37
1620.0;2023;[-9.9455];1488.01;0.19
1620.0;2024;[-9.9455];1240.01;0.27
1620.0;2025;[-9.9454589];1062.86;0.36
1630.0;2021;[0.];0.00;nan
1630.0;2022;[0.];0.00;1.00
1630.0;2023;[0.];0.00;1.00
1630.0;2024;[0.];0.00;1.00
1630.0;2025;[0.];0.00;1.00
1640.0;2021;[-8.5];9.68;0.83
1640.0;2022;[-3.4];28.93;0.33
1640.0;2023;[-3.4];23.15;0.50
1640.0;2024;[-1.94285714];27.55;0.29
1640.0;2025;[-1.94285714];23.61;0.39
1690.0;2021;[0.];0.00;nan
1690.0;2022;[0.];0.00;1.00
1690.0;2023;[0.];0.00;1.00
1690.0;2024;[0.];0.00;1.00
1690.0;2025;[0.];0.00;1.00
1701.0;2021;[-659.34857143];252765.77;0.83
1701.0;2022;[-659.34860714];216656.38;0.89
1701.0;2023;[-659.34857143];189574.33;0.92
1701.0;2024;[-659.34858333];168510.51;0.95
1701.0;2025;[-659.34855758];151659.46;0.96
1702.0;2021;[-189.11485714];1499203.02;0.07
1702.0;2022;[-189.11489286];1285031.16;0.10
1702.0;2023;[-189.11491667];1124402.27;0.14
1702.0;2024;[-189.11493333];999468.68;0.19
1702.0;2025;[-189.11494545];899521.81;0.25
1709.0;2021;[1053.99085714];13831520.80;0.19
1709.0;2022;[1053.99089286];11855589.25;0.27
1709.0;2023;[1053.99091667];10373640.60;0.36
1709.0;2024;[1053.99093333];9221013.86;0.45
1709.0;2025;[1053.99094545];8298912.48;0.52
1811.0;2021;[-989.42857143];18536543.51;0.13
1811.0;2022;[-989.42860714];15888465.87;0.20
1811.0;2023;[-989.42857143];13902407.63;0.27
1811.0;2024;[-989.42858333];12357695.67;0.35
1811.0;2025;[-989.42855758];11121926.11;0.42
1812.0;2021;[-2.674];814.48;0.02
1812.0;2022;[-2.674];678.73;0.03
1812.0;2023;[-2.674];581.77;0.05
1812.0;2024;[-2.674];509.05;0.07
1812.0;2025;[-2.674];452.49;0.10
1910.0;2021;[-168.54];56406.48;0.50
1910.0;2022;[-168.54];47005.40;0.64
1910.0;2023;[-105.3375];66920.71;0.40
1910.0;2024;[-105.3375];58555.62;0.50
1910.0;2025;[-73.73626667];67583.81;0.35
1921.0;2021;[11067.38571429];225096043.77;0.61
1921.0;2022;[11067.38575];192939466.09;0.72
1921.0;2023;[11067.38578571];168822032.83;0.79
1921.0;2024;[11067.38581667];150064029.18;0.84
1921.0;2025;[11067.38584242];135057626.26;0.88
2011.0;2021;[1005.97742857];1127674.00;0.72
2011.0;2022;[1005.97742857];966577.71;0.81
2011.0;2023;[1005.97739286];845755.50;0.86
2011.0;2024;[1005.97741667];751782.67;0.90
2011.0;2025;[1005.97740606];676604.40;0.93
2012.0;2021;[938.57171429];2816629.39;0.48
2012.0;2022;[938.57167857];2414253.77;0.59
2012.0;2023;[938.57169048];2112472.05;0.69
2012.0;2024;[938.57171667];1877752.93;0.76
2012.0;2025;[938.57169091];1689977.64;0.81
2013.0;2021;[431.14285714];3399604.00;0.14
2013.0;2022;[431.14282143];2913946.28;0.20
2013.0;2023;[431.14282143];2549703.00;0.28
2013.0;2024;[431.14283333];2266402.66;0.35
2013.0;2025;[431.14284848];2039762.40;0.43
2021.0;2021;[288.59171429];64301.72;0.79
2021.0;2022;[288.59175];55115.76;0.86
2021.0;2023;[288.59178571];48226.29;0.90
2021.0;2024;[288.59181667];42867.81;0.93
2021.0;2025;[288.59184242];38581.03;0.95
2022.0;2021;[327.50428571];38314.30;0.89
2022.0;2022;[327.50425];32840.83;0.93
2022.0;2023;[327.50421429];28735.73;0.95
2022.0;2024;[327.50418333];25542.87;0.97
2022.0;2025;[327.50415758];22988.58;0.97
2023.0;2021;[942.09914286];31138388.14;0.08
2023.0;2022;[942.09914286];26690046.98;0.12
2023.0;2023;[942.09913095];23353791.11;0.17
2023.0;2024;[942.09911667];20758925.43;0.22
2023.0;2025;[942.09910303];18683032.89;0.28
2029.0;2021;[22068.87514286];1876055081.06;0.43
2029.0;2022;[22068.87510714];1608047212.33;0.55
2029.0;2023;[22068.87508333];1407041310.79;0.65
2029.0;2024;[22068.87506667];1250703387.37;0.72
2029.0;2025;[22068.87505455];1125633048.63;0.78
2030.0;2021;[-16.48076923];2590.39;0.23
2030.0;2022;[-16.48073529];1942.79;0.37
2030.0;2023;[-10.45417164];1891.93;0.24
2030.0;2024;[-10.45416738];1576.61;0.31
2030.0;2025;[-10.45415426];1351.38;0.38
2100.0;2021;[4339.05685714];251715707.65;0.18
2100.0;2022;[4339.05685714];215756320.84;0.26
2100.0;2023;[4339.05686905];188786780.74;0.34
2100.0;2024;[4339.05688333];167810471.77;0.43
2100.0;2025;[4339.05689697];151029424.59;0.51
2211.0;2021;[-860.64285714];105100.02;0.92
2211.0;2022;[-401.6334];539708.70;0.43
2211.0;2023;[-401.63340698];431766.96;0.56
2211.0;2024;[-257.44454037];525817.50;0.36
2211.0;2025;[-257.44457609];450700.71;0.45
2219.0;2021;[-1978.094];11800298.69;0.49
2219.0;2022;[-1236.30878571];13782843.76;0.31
2219.0;2023;[-824.20588095];13843190.73;0.20
2219.0;2024;[-576.94413333];13256099.77;0.14
2219.0;2025;[-419.59574545];12475177.13;0.10
2221.0;2021;[1459.02514286];41259651.77;0.13
2221.0;2022;[1459.02517857];35365415.80;0.19
2221.0;2023;[1459.02517857];30944738.83;0.27
2221.0;2024;[1459.02516667];27506434.51;0.34
2221.0;2025;[1459.02515152];24755791.06;0.42
2229.0;2021;[539.79628571];6071234.42;0.12
2229.0;2022;[539.79628571];5203915.21;0.18
2229.0;2023;[539.7962619];4553425.81;0.25
2229.0;2024;[539.79623333];4047489.61;0.32
2229.0;2025;[539.79620606];3642740.65;0.40
2310.0;2021;[-1225.03428571];20568212.96;0.18
2310.0;2022;[-1225.03432143];17629896.82;0.25
2310.0;2023;[-816.68955952];17176986.89;0.17
2310.0;2024;[-816.68956667];15268432.79;0.23
2310.0;2025;[-593.95606667];14833014.17;0.16
2391.0;2021;[-56.];0.00;1.00
2391.0;2022;[-1.35483871];510.02;0.02
2391.0;2023;[-1.35487838];382.52;0.04
2391.0;2024;[-1.3548985];306.01;0.06
2391.0;2025;[-1.35491294];255.01;0.08
2392.0;2021;[-209.52571429];723654.73;0.15
2392.0;2022;[-209.52567857];620275.48;0.22
2392.0;2023;[-209.52569048];542741.05;0.30
2392.0;2024;[-209.52571667];482436.49;0.38
2392.0;2025;[-209.52569091];434192.84;0.45
2393.0;2021;[-1311.28571429];5457916.48;0.48
2393.0;2022;[-819.55353571];6290217.70;0.30
2393.0;2023;[-546.369];6287553.29;0.20
2393.0;2024;[-382.45828333];6006863.06;0.14
2393.0;2025;[-382.45830303];5406176.75;0.18
2394.0;2021;[116.72028571];3911055.81;0.01
2394.0;2022;[116.72032143];3352333.55;0.02
2394.0;2023;[116.72030952];2933291.86;0.02
2394.0;2024;[116.72028333];2607370.54;0.03
2394.0;2025;[116.72030909];2346633.49;0.05
2395.0;2021;[-366.54428571];2001584.32;0.16
2395.0;2022;[-366.54432143];1715643.70;0.24
2395.0;2023;[-366.54430952];1501188.24;0.32
2395.0;2024;[-366.54428333];1334389.55;0.40
2395.0;2025;[-266.57765455];1420803.78;0.29
2399.0;2021;[-20.40457143];18648.53;0.06
2399.0;2022;[-20.40457143];15984.45;0.09
2399.0;2023;[-20.40460714];13986.39;0.14
2399.0;2024;[-14.28325];13015.23;0.09
2399.0;2025;[-14.28325455];11713.71;0.13
2410.0;2021;[619.64914286];20188107.38;0.05
2410.0;2022;[619.64910714];17304092.04;0.08
2410.0;2023;[619.64908333];15141080.54;0.12
2410.0;2024;[619.64906667];13458738.26;0.16
2410.0;2025;[619.64905455];12112864.43;0.21
2429.0;2021;[-62.56285714];44118.13;0.21
2429.0;2022;[-62.56282143];37815.54;0.29
2429.0;2023;[-62.56282143];33088.60;0.38
2429.0;2024;[-43.79396667];34891.84;0.27
2429.0;2025;[-43.7939697];31402.66;0.34
2431.0;2021;[86.776];111440.44;0.16
2431.0;2022;[86.776];95520.38;0.24
2431.0;2023;[86.776];83580.33;0.32
2431.0;2024;[86.776];74293.63;0.40
2431.0;2025;[86.776];66864.27;0.48
2432.0;2021;[-64.20428571];875755.88;0.01
2432.0;2022;[-64.20432143];750647.89;0.02
2432.0;2023;[-64.20430952];656816.91;0.03
2432.0;2024;[-64.20428333];583837.25;0.04
2432.0;2025;[-64.20430909];525453.53;0.06
2511.0;2021;[-114.63371429];317851.09;0.11
2511.0;2022;[-114.63375];272443.79;0.16
2511.0;2023;[-114.63378571];238388.31;0.22
2511.0;2024;[-114.63381667];211900.72;0.29
2511.0;2025;[-114.63384242];190710.65;0.36
2512.0;2021;[-16.92837838];2597.38;0.25
2512.0;2022;[-16.9284];2164.48;0.34
2512.0;2023;[-16.92837295];1855.27;0.43
2512.0;2024;[-16.92840602];1623.36;0.52
2512.0;2025;[-12.25601452];1881.32;0.38
2513.0;2021;[-5.41];5491.70;0.01
2513.0;2022;[-5.41];4576.42;0.02
2513.0;2023;[-5.41];3922.64;0.03
2513.0;2024;[-5.41];3432.31;0.04
2513.0;2025;[-5.41];3050.95;0.06
2520.0;2021;[161.62857143];24979.39;0.70
2520.0;2022;[161.62863514];19983.51;0.79
2520.0;2023;[161.62858571];16652.92;0.86
2520.0;2024;[161.62860246];14273.93;0.90
2520.0;2025;[161.62856642];12489.69;0.93
2591.0;2021;[-241.41];6721.79;0.92
2591.0;2022;[-56.93632075];49911.22;0.22
2591.0;2023;[-56.9363133];41592.69;0.34
2591.0;2024;[-56.93628883];35650.87;0.43
2591.0;2025;[-56.9362622];31194.52;0.52
2592.0;2021;[13696.45428571];653452075.81;0.46
2592.0;2022;[13696.45428571];560101779.27;0.57
2592.0;2023;[13696.4542619];490089056.86;0.67
2592.0;2024;[13696.45423333];435634717.21;0.74
2592.0;2025;[13696.45420606];392071245.49;0.80
2593.0;2021;[44.21142857];73520.10;0.07
2593.0;2022;[44.21142857];63017.23;0.11
2593.0;2023;[44.21139286];55140.07;0.16
2593.0;2024;[44.21141667];49013.40;0.21
2593.0;2025;[44.21140606];44112.06;0.27
2599.0;2021;[853.15285714];1056957.11;0.67
2599.0;2022;[853.15282143];905963.23;0.76
2599.0;2023;[853.15282143];792717.83;0.83
2599.0;2024;[853.15283333];704638.07;0.87
2599.0;2025;[853.15284848];634174.26;0.90
2610.0;2021;[0.];0.00;1.00
2610.0;2022;[0.];0.00;1.00
2610.0;2023;[0.];0.00;1.00
2610.0;2024;[0.];0.00;1.00
2610.0;2025;[0.];0.00;1.00
2620.0;2021;[-485.64142857];3377280.21;0.17
2620.0;2022;[-485.64139286];2894811.61;0.25
2620.0;2023;[-485.64142857];2532960.16;0.33
2620.0;2024;[-485.64141667];2251520.14;0.41
2620.0;2025;[-353.19373333];2412300.68;0.30
2651.0;2021;[0.];0.00;nan
2651.0;2022;[0.];0.00;1.00
2651.0;2023;[5.42051655e-30];0.00;0.00
2651.0;2024;[0.];0.00;1.00
2651.0;2025;[0.];0.00;1.00
2711.0;2021;[1692.14285714];52336037.91;0.14
2711.0;2022;[1692.14289286];44859461.07;0.20
2711.0;2023;[1692.14291667];39252028.43;0.28
2711.0;2024;[1692.14293333];34890691.94;0.35
2711.0;2025;[1692.14294545];31401622.75;0.43
2712.0;2021;[-23.65428571];1327.00;0.55
2712.0;2022;[-23.65432143];1137.43;0.66
2712.0;2023;[-15.76955952];1648.03;0.44
2712.0;2024;[-15.76956667];1464.92;0.53
2712.0;2025;[-11.46879394];1725.35;0.39
2720.0;2021;[-49.37142857];94439.91;0.07
2720.0;2022;[-49.37142857];80948.50;0.11
2720.0;2023;[-49.37139286];70829.94;0.15
2720.0;2024;[-49.37141667];62959.94;0.21
2720.0;2025;[-49.37140606];56663.95;0.26
2731.0;2021;[-70.7];137180.18;0.07
2731.0;2022;[-70.7];114316.82;0.15
2731.0;2023;[-70.7];97985.84;0.22
2731.0;2024;[-70.7];85737.61;0.30
2731.0;2025;[-70.7];76211.21;0.37
2740.0;2021;[257.72285714];367847.34;0.34
2740.0;2022;[257.72282143];315297.72;0.46
2740.0;2023;[257.72282143];275885.50;0.56
2740.0;2024;[257.72283333];245231.56;0.64
2740.0;2025;[257.72284848];220708.40;0.71
2750.0;2021;[2224.18142857];32522197.18;0.31
2750.0;2022;[2224.18146429];27876169.01;0.42
2750.0;2023;[2224.18144048];24391647.89;0.52
2750.0;2024;[2224.18146667];21681464.79;0.60
2750.0;2025;[2224.18145455];19513318.31;0.68
2790.0;2021;[-1780.87142857];8446019.52;0.52
2790.0;2022;[-1780.87146429];7239445.31;0.64
2790.0;2023;[-1187.24760714];10034602.12;0.42
2790.0;2024;[-1187.24763333];8919646.33;0.51
2790.0;2025;[-863.45281212];10334229.59;0.37
2811.0;2021;[-58.07142857];17690.87;0.47
2811.0;2022;[-31.26919231];18715.71;0.25
2811.0;2023;[-31.26919072];14972.57;0.34
2811.0;2024;[-31.26917757];12477.14;0.41
2811.0;2025;[-23.60948992];12525.25;0.31
2812.0;2021;[0.];0.00;nan
2812.0;2022;[0.];0.00;1.00
2812.0;2023;[0.];0.00;1.00
2812.0;2024;[0.];0.00;1.00
2812.0;2025;[0.];0.00;1.00
2813.0;2021;[73.84142857];38265.49;0.29
2813.0;2022;[73.84139286];32798.99;0.40
2813.0;2023;[73.84142857];28699.11;0.50
2813.0;2024;[73.84141667];25510.32;0.59
2813.0;2025;[73.84144242];22959.29;0.66
2814.0;2021;[0.];0.00;nan
2814.0;2022;[0.];0.00;1.00
2814.0;2023;[0.];0.00;1.00
2814.0;2024;[0.];0.00;1.00
2814.0;2025;[0.];0.00;1.00
2816.0;2021;[-289.52857143];141541.49;0.67
2816.0;2022;[-151.24632836];225335.79;0.35
2816.0;2023;[-151.24631325];187779.83;0.46
2816.0;2024;[-106.64333495];200948.49;0.32
2816.0;2025;[-106.64333962];175829.93;0.39
2819.0;2021;[-63.93];36036.83;0.25
2819.0;2022;[-63.92996429];30888.71;0.35
2819.0;2023;[-63.92995238];27027.62;0.44
2819.0;2024;[-63.92995];24024.55;0.53
2819.0;2025;[-63.92995152];21622.10;0.61
2829.0;2021;[-82.27383721];71659.92;0.25
2829.0;2022;[-82.27385714];59716.60;0.35
2829.0;2023;[-82.27387671];51185.66;0.44
2829.0;2024;[-58.29292569];55075.26;0.31
2829.0;2025;[-58.292925];48955.79;0.38
2910.0;2021;[51.45];14958.73;0.11
2910.0;2022;[51.4499];11219.05;0.23
2910.0;2023;[51.4499];8975.24;0.37
2910.0;2024;[51.44991429];7479.37;0.51
2910.0;2025;[51.44992857];6410.89;0.62
2920.0;2021;[-6.25857143];115091.82;0.00
2920.0;2022;[-6.25860714];98650.13;0.00
2920.0;2023;[-6.25857143];86318.86;0.00
2920.0;2024;[-6.25858333];76727.88;0.00
2920.0;2025;[-6.25855758];69055.09;0.00
2930.0;2021;[-19.552];135841.47;0.01
2930.0;2022;[-19.552];116435.54;0.01
2930.0;2023;[-19.552];101881.10;0.02
2930.0;2024;[-19.552];90560.98;0.03
2930.0;2025;[-19.552];81504.88;0.04
3091.0;2021;[138.28];1400959.64;0.04
3091.0;2022;[138.27996429];1200822.55;0.06
3091.0;2023;[138.27995238];1050719.73;0.09
3091.0;2024;[138.27995];933973.09;0.12
3091.0;2025;[138.27995152];840575.78;0.16
3110.0;2021;[-73.33828571];53973.03;0.23
3110.0;2022;[-73.33825];46262.60;0.32
3110.0;2023;[-73.33821429];40479.77;0.41
3110.0;2024;[-73.33818333];35982.02;0.50
3110.0;2025;[-73.33815758];32383.82;0.58
3120.0;2021;[53.7];55389.86;0.13
3120.0;2022;[53.69996429];47477.02;0.20
3120.0;2023;[53.69995238];41542.39;0.27
3120.0;2024;[53.69995];36926.57;0.34
3120.0;2025;[53.69995152];33233.92;0.42
3210.0;2021;[-51.38571429];16770.93;0.31
3210.0;2022;[-51.38575];14375.09;0.42
3210.0;2023;[-51.38578571];12578.20;0.52
3210.0;2024;[-35.97008333];14877.31;0.37
3210.0;2025;[-35.97008485];13389.57;0.44
3250.0;2021;[41.85];32858.00;0.10
3250.0;2022;[41.85];27381.66;0.16
3250.0;2023;[41.85];23470.00;0.23
3250.0;2024;[41.85];20536.25;0.31
3250.0;2025;[41.85];18254.44;0.39
3290.0;2021;[-378.54685714];328345.03;0.56
3290.0;2022;[-378.54685714];281438.60;0.67
3290.0;2023;[-378.54686905];246258.77;0.75
3290.0;2024;[-264.98281667];419513.48;0.53
3290.0;2025;[-264.98281818];377562.13;0.61
3311.0;2021;[-7.27325581];136002.38;0.00
3311.0;2022;[-7.27328571];113335.32;0.00
3311.0;2023;[-7.27327397];97144.56;0.00
3311.0;2024;[-7.27325053];85001.49;0.00
3311.0;2025;[-7.273225];75556.88;0.01
3312.0;2021;[2431.791];16831607.62;0.41
3312.0;2022;[2431.791];14026339.68;0.55
3312.0;2023;[2431.791];12022576.87;0.66
3312.0;2024;[2431.791];10519754.76;0.75
3312.0;2025;[2431.791];9350893.12;0.81
3314.0;2021;[116.98];13547.95;0.75
3314.0;2022;[116.97996429];11612.53;0.82
3314.0;2023;[116.97995238];10160.96;0.88
3314.0;2024;[116.97995];9031.97;0.91
3314.0;2025;[116.97995152];8128.77;0.93
3315.0;2021;[0.];0.00;nan
3315.0;2022;[0.];0.00;1.00
3315.0;2023;[0.];0.00;1.00
3315.0;2024;[0.];0.00;1.00
3315.0;2025;[0.];0.00;1.00
3319.0;2021;[0.];0.00;nan
3319.0;2022;[0.];0.00;1.00
3319.0;2023;[0.];0.00;1.00
3319.0;2024;[0.];0.00;1.00
3319.0;2025;[0.];0.00;1.00
3320.0;2021;[-22.9];130.14;0.73
3320.0;2022;[-9.1601];254.93;0.29
3320.0;2023;[-4.5801];245.89;0.15
3320.0;2024;[-4.58008571];204.91;0.23
3320.0;2025;[-2.86257143];195.30;0.14
3511.0;2021;[-858.88142857];117284544.39;0.02
3511.0;2022;[-858.88142857];100529609.48;0.03
3511.0;2023;[-858.88139286];87963408.29;0.04
3511.0;2024;[-858.88141667];78189696.26;0.06
3511.0;2025;[-858.88140606];70370726.63;0.08
3512.0;2021;[-819.87285714];2872445.94;0.41
3512.0;2022;[-512.4205];3092276.20;0.25
3512.0;2023;[-341.61364286];3012078.99;0.17
3512.0;2024;[-239.12953333];2840783.43;0.12
3512.0;2025;[-173.91237576];2650277.20;0.09
3513.0;2021;[2531.15914286];2510169593.43;0.01
3513.0;2022;[2531.15914286];2151573937.22;0.01
3513.0;2023;[2531.15913095];1882627195.07;0.02
3513.0;2024;[2531.15911667];1673446395.62;0.02
3513.0;2025;[2531.15910303];1506101756.06;0.03
3514.0;2021;[2442.05714286];8335347.21;0.68
3514.0;2022;[2442.05717857];7144583.33;0.77
3514.0;2023;[2442.05717857];6251510.41;0.83
3514.0;2024;[2442.05716667];5556898.14;0.88
3514.0;2025;[2442.05715152];5001208.33;0.91
3520.0;2021;[142.19085714];2209715.54;0.03
3520.0;2022;[142.19082143];1894041.89;0.04
3520.0;2023;[142.19082143];1657286.66;0.06
3520.0;2024;[142.19083333];1473143.69;0.08
3520.0;2025;[142.19084848];1325829.33;0.11
3600.0;2021;[-560.77457143];1882601.79;0.33
3600.0;2022;[-560.77460714];1613658.67;0.44
3600.0;2023;[-560.77457143];1411951.34;0.54
3600.0;2024;[-560.77458333];1255067.86;0.63
3600.0;2025;[-407.83608485];1644145.13;0.45
3700.0;2021;[109.90457143];680030.73;0.05
3700.0;2022;[109.90457143];582883.49;0.08
3700.0;2023;[109.90460714];510023.05;0.11
3700.0;2024;[109.90458333];453353.82;0.15
3700.0;2025;[109.90459394];408018.44;0.20
3811.0;2021;[-22.43742857];123963.56;0.01
3811.0;2022;[-22.43739286];106254.48;0.02
3811.0;2023;[-22.43742857];92972.67;0.03
3811.0;2024;[-22.43741667];82642.37;0.04
3811.0;2025;[-22.43744242];74378.13;0.05
3812.0;2021;[-128.6];163366.96;0.23
3812.0;2022;[-128.59996429];140028.82;0.32
3812.0;2023;[-128.59995238];122525.22;0.41
3812.0;2024;[-128.59995];108911.31;0.50
3812.0;2025;[-128.59995152];98020.18;0.58
3821.0;2021;[8.18571429];227024.22;0.00
3821.0;2022;[8.18571429];194592.19;0.00
3821.0;2023;[8.1857381];170268.16;0.00
3821.0;2024;[8.18576667];151349.48;0.00
3821.0;2025;[8.18579394];136214.53;0.00
3822.0;2021;[-2541.52057143];2243668072.09;0.01
3822.0;2022;[-2541.52053571];1923144061.79;0.01
3822.0;2023;[-2541.52055952];1682751054.07;0.02
3822.0;2024;[-2541.52053333];1495778714.73;0.03
3822.0;2025;[-2541.52054545];1346200843.25;0.04
3830.0;2021;[1436.74];870935.94;0.87
3830.0;2022;[1436.73996429];746516.52;0.92
3830.0;2023;[1436.73995238];653201.96;0.94
3830.0;2024;[1436.73995];580623.96;0.96
3830.0;2025;[1436.73995152];522561.56;0.97
3900.0;2021;[457.08828571];279101.37;0.69
3900.0;2022;[457.08828571];239229.75;0.78
3900.0;2023;[457.0882619];209326.03;0.84
3900.0;2024;[457.08823333];186067.58;0.88
3900.0;2025;[457.08826061];167460.82;0.91
4111.0;2021;[380.99485714];122441.19;0.78
4111.0;2022;[380.99485714];104949.59;0.85
4111.0;2023;[380.99486905];91830.89;0.89
4111.0;2024;[380.99488333];81627.46;0.92
4111.0;2025;[380.99489697];73464.71;0.94
4112.0;2021;[-43.80571429];7925.42;0.41
4112.0;2022;[-43.80571429];6793.21;0.53
4112.0;2023;[-43.8057381];5944.06;0.63
4112.0;2024;[-43.80576667];5283.61;0.71
4112.0;2025;[-43.80579394];4755.25;0.77
4210.0;2021;[162.85514286];360187.55;0.18
4210.0;2022;[162.85517857];308732.19;0.26
4210.0;2023;[162.85517857];270140.66;0.34
4210.0;2024;[162.85516667];240125.03;0.42
4210.0;2025;[162.85515152];216112.53;0.50
4220.0;2021;[-288.5];177361.35;0.48
4220.0;2022;[-164.85714286];207252.73;0.28
4220.0;2023;[-103.03571429];203124.46;0.17
4220.0;2024;[-68.69047619];190119.65;0.12
4220.0;2025;[-68.69046667];168995.25;0.16
4290.0;2021;[-110.54714286];21963455.26;0.00
4290.0;2022;[-110.54710714];18825818.79;0.00
4290.0;2023;[-110.54708333];16472591.44;0.00
4290.0;2024;[-110.54706667];14642303.51;0.01
4290.0;2025;[-110.54705455];13178073.15;0.01
4312.0;2021;[0.];0.00;nan
4312.0;2022;[0.];0.00;1.00
4312.0;2023;[0.];0.00;1.00
4312.0;2024;[0.];0.00;1.00
4312.0;2025;[0.];0.00;1.00
4321.0;2021;[468.57];4566616.43;0.12
4321.0;2022;[468.57003571];3914242.65;0.18
4321.0;2023;[468.57004762];3424962.32;0.25
4321.0;2024;[468.57005];3044410.95;0.32
4321.0;2025;[468.57004848];2739969.86;0.40
4322.0;2021;[47.59857143];191143.69;0.03
4322.0;2022;[47.59857143];163837.45;0.05
4322.0;2023;[47.59860714];143357.77;0.08
4322.0;2024;[47.59858333];127429.13;0.11
4322.0;2025;[47.59859394];114686.22;0.14
4329.0;2021;[-118.31285714];97756.14;0.29
4329.0;2022;[-118.31282143];83790.98;0.40
4329.0;2023;[-118.31282143];73317.11;0.50
4329.0;2024;[-118.31283333];65170.76;0.59
4329.0;2025;[-86.04572121];81559.35;0.43
4390.0;2021;[-425.06];166181.92;0.73
4390.0;2022;[-186.42982456];335809.82;0.32
4390.0;2023;[-186.4298];279841.52;0.44
4390.0;2024;[-127.44225781];298776.84;0.30
4390.0;2025;[-127.44225166];261429.73;0.37
4511.0;2021;[1585.94942857];8198637.02;0.47
4511.0;2022;[1585.94939286];7027403.16;0.59
4511.0;2023;[1585.94942857];6148977.76;0.68
4511.0;2024;[1585.94941667];5465758.01;0.75
4511.0;2025;[1585.94944242];4919182.21;0.81
4520.0;2021;[3989.97971429];136024306.50;0.25
4520.0;2022;[3989.97971429];116592262.71;0.35
4520.0;2023;[3989.9797381];102018229.87;0.45
4520.0;2024;[3989.97976667];90682871.00;0.54
4520.0;2025;[3989.97979394];81614583.90;0.62
4530.0;2021;[-3726.88142857];101087049.43;0.29
4530.0;2022;[-3726.88146429];86646042.37;0.39
4530.0;2023;[-2484.58760714];92019874.36;0.26
4530.0;2024;[-2484.58763333];81795443.88;0.33
4530.0;2025;[-1806.97281212];83717460.10;0.24
4541.0;2021;[36.00342857];15497.57;0.20
4541.0;2022;[36.00342857];13283.63;0.28
4541.0;2023;[36.00339286];11623.18;0.37
4541.0;2024;[36.00341667];10331.71;0.46
4541.0;2025;[36.00340606];9298.54;0.53
4542.0;2021;[50.75];634.87;0.73
4542.0;2022;[50.74991429];476.15;0.92
4542.0;2023;[50.7499186];380.92;0.96
4542.0;2024;[50.74992857];317.43;0.97
4542.0;2025;[50.74993836];272.09;0.98
4610.0;2021;[55.18571429];8181.60;0.52
4610.0;2022;[55.18571429];7012.80;0.63
4610.0;2023;[55.1857381];6136.20;0.72
4610.0;2024;[55.18576667];5454.40;0.79
4610.0;2025;[55.18573939];4908.96;0.84
4620.0;2021;[-6.5];23.62;0.86
4620.0;2022;[-4.29245283];59.08;0.57
4620.0;2023;[-2.95135135];69.57;0.39
4620.0;2024;[-2.95138816];59.63;0.48
4620.0;2025;[-2.15417647];64.95;0.35
4631.0;2021;[-2248.67314286];25068162.19;0.37
4631.0;2022;[-2248.67310714];21486996.16;0.48
4631.0;2023;[-2248.67308333];18801121.64;0.59
4631.0;2024;[-1574.07113333];23791251.54;0.41
4631.0;2025;[-1574.07113333];21412126.39;0.49
4641.0;2021;[-8.48];0.00;1.00
4641.0;2022;[-8.48];0.00;1.00
4641.0;2023;[-6.04318966];106.77;0.71
4641.0;2024;[-6.04315979];85.41;0.77
4641.0;2025;[-4.61259016];127.08;0.59
4644.0;2021;[4561.359];3396845.00;0.88
4644.0;2022;[4561.359];2717476.00;0.97
4644.0;2023;[4561.359];2264563.33;0.98
4644.0;2024;[4561.359];1941054.29;0.99
4644.0;2025;[4561.359];1698422.50;0.99
4645.0;2021;[9095.70028571];172827701.62;0.58
4645.0;2022;[9095.70032143];148138029.96;0.69
4645.0;2023;[9095.70030952];129620776.21;0.77
4645.0;2024;[9095.70028333];115218467.74;0.83
4645.0;2025;[9095.70030909];103696620.97;0.87
4651.0;2021;[0.3];2265.86;0.00
4651.0;2022;[0.3];1888.22;0.00
4651.0;2023;[0.3];1618.47;0.00
4651.0;2024;[0.3];1416.16;0.00
4651.0;2025;[0.3];1258.81;0.00
4652.0;2021;[13663.32714286];699167424.50;0.44
4652.0;2022;[13663.32714286];599286363.85;0.55
4652.0;2023;[13663.32713095];524375568.37;0.65
4652.0;2024;[13663.32711667];466111616.33;0.73
4652.0;2025;[13663.32710303];419500454.70;0.79
4659.0;2021;[1773.66742857];211394123.65;0.04
4659.0;2022;[1773.66742857];181194963.13;0.06
4659.0;2023;[1773.66739286];158545592.74;0.09
4659.0;2024;[1773.66741667];140929415.77;0.13
4659.0;2025;[1773.66740606];126836474.19;0.17
4661.0;2021;[476.914];629349.56;0.51
4661.0;2022;[476.91396429];539442.48;0.63
4661.0;2023;[476.91395238];472012.17;0.72
4661.0;2024;[476.91395];419566.38;0.78
4661.0;2025;[476.91395152];377609.74;0.83
4663.0;2021;[100.90914286];19113.57;0.54
4663.0;2022;[100.90912162];15290.86;0.66
4663.0;2023;[100.9091];12742.38;0.76
4663.0;2024;[100.90908197];10922.04;0.82
4663.0;2025;[100.90906767];9556.79;0.87
4664.0;2021;[-794.68914286];7344288.53;0.20
4664.0;2022;[-794.68914286];6295104.46;0.29
4664.0;2023;[-529.79279762];6245002.17;0.19
4664.0;2024;[-529.79278333];5551113.04;0.25
4664.0;2025;[-529.79278788];4996001.74;0.32
4665.0;2021;[-3895.32171429];1501895405.00;0.03
4665.0;2022;[-3895.32167857];1287338918.57;0.05
4665.0;2023;[-3895.32169048];1126421553.75;0.07
4665.0;2024;[-3895.32171667];1001263603.33;0.09
4665.0;2025;[-3895.32169091];901137243.00;0.12
4669.0;2021;[1881.49457143];13816939.02;0.43
4669.0;2022;[1881.49457143];11843090.59;0.54
4669.0;2023;[1881.49460714];10362704.27;0.64
4669.0;2024;[1881.49458333];9211292.68;0.72
4669.0;2025;[1881.49459394];8290163.41;0.78
4690.0;2021;[-1018.33771429];13568715.22;0.18
4690.0;2022;[-1018.33767857];11630327.33;0.26
4690.0;2023;[-1018.33769048];10176536.42;0.35
4690.0;2024;[-1018.33771667];9045810.15;0.43
4690.0;2025;[-1018.33769091];8141229.13;0.51
4711.0;2021;[3458.98542857];23467712.40;0.60
4711.0;2022;[3458.98546429];20115182.06;0.70
4711.0;2023;[3458.98544048];17600784.30;0.78
4711.0;2024;[3458.98546667];15645141.60;0.84
4711.0;2025;[3458.98545455];14080627.44;0.88
4719.0;2021;[6003.32371429];17702495.08;0.86
4719.0;2022;[6003.32375];15173567.21;0.90
4719.0;2023;[6003.32378571];13276871.31;0.93
4719.0;2024;[6003.32381667];11801663.38;0.95
4719.0;2025;[6003.32384242];10621497.05;0.97
4723.0;2021;[-153.38857143];54897.71;0.56
4723.0;2022;[-95.86789286];69112.70;0.35
4723.0;2023;[-63.91195238];71196.03;0.23
4723.0;2024;[-44.73838333];69003.98;0.16
4723.0;2025;[-44.7384];62103.58;0.21
4729.0;2021;[-53.91525424];71693.68;0.13
4729.0;2022;[-30.58653846];61065.38;0.07
4729.0;2023;[-30.58652542];50887.81;0.11
4729.0;2024;[-30.58655155];43618.13;0.15
4729.0;2025;[-30.58653422];38165.86;0.19
4731.0;2021;[-14.93428571];1829100.76;0.00
4731.0;2022;[-14.93432143];1567800.65;0.00
4731.0;2023;[-14.93430952];1371825.57;0.00
4731.0;2024;[-14.93428333];1219400.51;0.00
4731.0;2025;[-14.93430909];1097460.46;0.00
4732.0;2021;[-758.63783784];861341.70;0.66
4732.0;2022;[-418.42881988];1354420.16;0.37
4732.0;2023;[-269.16054795];1400354.46;0.24
4732.0;2024;[-269.16053333];1225310.15;0.31
4732.0;2025;[-269.16055135];1089164.58;0.38
4741.0;2021;[-315.086];2739157.48;0.10
4741.0;2022;[-315.08603571];2347849.27;0.14
4741.0;2023;[-315.08604762];2054368.11;0.20
4741.0;2024;[-315.08605];1826104.99;0.27
4741.0;2025;[-315.08604848];1643494.49;0.33
4752.0;2021;[42.48857143];60755.83;0.08
4752.0;2022;[42.48860714];52076.42;0.12
4752.0;2023;[42.48857143];45566.87;0.17
4752.0;2024;[42.48858333];40503.88;0.23
4752.0;2025;[42.48855758];36453.50;0.29
4754.0;2021;[162.475];3144.24;0.96
4754.0;2022;[162.475];2358.18;0.98
4754.0;2023;[162.475];1886.55;0.98
4754.0;2024;[162.475];1572.12;0.99
4754.0;2025;[162.475];1347.53;0.99
4759.0;2021;[-5.625];530.93;0.20
4759.0;2022;[-5.625];424.75;0.29
4759.0;2023;[-5.625];353.96;0.37
4759.0;2024;[-5.625];303.39;0.44
4759.0;2025;[-5.625];265.47;0.52
4762.0;2021;[0.];0.00;nan
4762.0;2022;[0.];0.00;1.00
4762.0;2023;[-5.42051655e-30];0.00;0.00
4762.0;2024;[0.];0.00;1.00
4762.0;2025;[0.];0.00;1.00
4771.0;2021;[0.];0.00;nan
4771.0;2022;[0.];0.00;1.00
4771.0;2023;[0.];0.00;1.00
4771.0;2024;[0.];0.00;1.00
4771.0;2025;[0.];0.00;1.00
4773.0;2021;[66.67142857];10955.51;0.54
4773.0;2022;[66.67142857];9390.44;0.65
4773.0;2023;[66.67139286];8216.63;0.74
4773.0;2024;[66.67141667];7303.67;0.80
4773.0;2025;[66.67140606];6573.31;0.85
4774.0;2021;[-29.];19248.68;0.11
4774.0;2022;[-28.99996429];16498.87;0.17
4774.0;2023;[-19.33328571];15417.68;0.11
4774.0;2024;[-19.33328333];13704.61;0.15
4774.0;2025;[-19.33326667];12334.14;0.20
4799.0;2021;[2622.336];85351545.30;0.14
4799.0;2022;[2622.336];71126287.75;0.22
4799.0;2023;[2622.336];60965389.50;0.31
4799.0;2024;[2622.336];53344715.81;0.40
4799.0;2025;[2622.336];47417525.17;0.49
4912.0;2021;[0.];0.00;nan
4912.0;2022;[0.];0.00;1.00
4912.0;2023;[0.];0.00;1.00
4912.0;2024;[0.];0.00;1.00
4912.0;2025;[0.];0.00;1.00
4921.0;2021;[-1110.51457143];1772600.10;0.67
4921.0;2022;[-694.07157143];2675536.66;0.42
4921.0;2023;[-694.07160714];2341094.58;0.52
4921.0;2024;[-485.85011667];2755402.57;0.36
4921.0;2025;[-485.85013333];2479862.31;0.44
4923.0;2021;[-3137.296];21685477.59;0.57
4923.0;2022;[-3137.29603571];18587552.22;0.68
4923.0;2023;[-3137.29604762];16264108.19;0.76
4923.0;2024;[-3137.29605];14456985.06;0.82
4923.0;2025;[-2281.66986667];29117402.20;0.60
4930.0;2021;[562.04285714];13539917.16;0.06
4930.0;2022;[562.04282143];11605643.28;0.10
4930.0;2023;[562.04282143];10154937.87;0.14
4930.0;2024;[562.04283333];9026611.44;0.19
4930.0;2025;[562.04284848];8123950.29;0.24
5011.0;2021;[41.05];556.67;0.67
5011.0;2022;[41.05007143];417.50;0.93
5011.0;2023;[41.05006716];334.00;0.96
5011.0;2024;[41.05006024];278.33;0.98
5011.0;2025;[41.0500534];238.57;0.98
5012.0;2021;[-0.8];0.00;1.00
5012.0;2022;[-0.8];0.00;1.00
5012.0;2023;[-0.8];0.00;1.00
5012.0;2024;[-0.8];0.00;1.00
5012.0;2025;[-0.45714286];0.46;0.57
5111.0;2021;[-3406.90228571];9165716.22;0.79
5111.0;2022;[-3406.90225];7856328.19;0.86
5111.0;2023;[-2271.26813095];20415768.11;0.57
5111.0;2024;[-2271.26813333];18147349.43;0.65
5111.0;2025;[-1651.83134545];24774057.04;0.48
5121.0;2021;[0.];0.00;nan
5121.0;2022;[0.];0.00;1.00
5121.0;2023;[0.];0.00;1.00
5121.0;2024;[0.];0.00;1.00
5121.0;2025;[0.];0.00;1.00
5122.0;2021;[87.61216216];59349.46;0.28
5122.0;2022;[87.61217143];49457.88;0.38
5122.0;2023;[87.61215984];42392.47;0.47
5122.0;2024;[87.61214286];37093.41;0.56
5122.0;2025;[87.61212581];32971.92;0.64
5210.0;2021;[2147.788];306458844.72;0.04
5210.0;2022;[2147.78796429];262679009.76;0.07
5210.0;2023;[2147.78795238];229844133.54;0.10
5210.0;2024;[2147.78795];204305896.48;0.13
5210.0;2025;[2147.78795152];183875306.83;0.17
5221.0;2021;[0.];0.00;nan
5221.0;2022;[0.];0.00;1.00
5221.0;2023;[0.];0.00;1.00
5221.0;2024;[0.];0.00;1.00
5221.0;2025;[0.];0.00;1.00
5222.0;2021;[1733.37142857];8070553.56;0.52
5222.0;2022;[1733.37146429];6917617.34;0.63
5222.0;2023;[1733.37144048];6052915.17;0.72
5222.0;2024;[1733.37146667];5380369.04;0.79
5222.0;2025;[1733.37145455];4842332.14;0.84
5223.0;2021;[403.59];1184013.59;0.29
5223.0;2022;[403.59003571];1014868.79;0.39
5223.0;2023;[403.59004762];888010.19;0.49
5223.0;2024;[403.59005];789342.39;0.58
5223.0;2025;[403.59004848];710408.16;0.65
5224.0;2021;[-926.92];1743017.72;0.50
5224.0;2022;[-529.66857143];2066215.26;0.28
5224.0;2023;[-331.04285714];2034056.15;0.18
5224.0;2024;[-331.04282143];1779799.13;0.24
5224.0;2025;[-231.72995];1735468.84;0.17
5229.0;2021;[307.98942857];1557828.30;0.15
5229.0;2022;[307.98946429];1335281.40;0.22
5229.0;2023;[307.98944048];1168371.22;0.30
5229.0;2024;[307.98946667];1038552.20;0.38
5229.0;2025;[307.98945455];934696.98;0.46
5310.0;2021;[598.18971429];1502004.71;0.41
5310.0;2022;[598.18975];1287432.61;0.53
5310.0;2023;[598.18978571];1126503.54;0.63
5310.0;2024;[598.18981667];1001336.48;0.70
5310.0;2025;[598.18984242];901202.83;0.77
5320.0;2021;[-7.248];291979.07;0.00
5320.0;2022;[-7.248];233583.25;0.00
5320.0;2023;[-7.248];194652.71;0.00
5320.0;2024;[-7.248];166845.18;0.00
5320.0;2025;[-7.248];145989.53;0.00
5511.0;2021;[-99.42828571];270878.43;0.10
5511.0;2022;[-99.42828571];232181.51;0.15
5511.0;2023;[-99.4282619];203158.82;0.20
5511.0;2024;[-99.42823333];180585.62;0.27
5511.0;2025;[-99.42826061];162527.06;0.33
5519.0;2021;[-114.62857143];24240.39;0.54
5519.0;2022;[-58.31395349];30689.02;0.28
5519.0;2023;[-58.31392857];25574.18;0.38
5519.0;2024;[-58.31392466];21920.73;0.48
5519.0;2025;[-41.31677919];24348.87;0.34
5611.0;2021;[76.95428571];29071.76;0.37
5611.0;2022;[76.95425];24918.65;0.49
5611.0;2023;[76.95421429];21803.82;0.59
5611.0;2024;[76.95418333];19381.18;0.67
5611.0;2025;[76.95415758];17443.06;0.74
5612.0;2021;[294.01];144142.64;0.43
5612.0;2022;[294.01];115314.11;0.60
5612.0;2023;[294.01];96095.09;0.72
5612.0;2024;[294.01];82367.22;0.81
5612.0;2025;[294.01];72071.32;0.86
5613.0;2021;[0.];0.00;nan
5613.0;2022;[0.];0.00;1.00
5613.0;2023;[0.];0.00;1.00
5613.0;2024;[0.];0.00;1.00
5613.0;2025;[0.];0.00;1.00
5621.0;2021;[0.];0.00;nan
5621.0;2022;[0.];0.00;1.00
5621.0;2023;[0.];0.00;1.00
5621.0;2024;[0.];0.00;1.00
5621.0;2025;[0.];0.00;1.00
5629.0;2021;[0.];0.00;nan
5629.0;2022;[0.];0.00;1.00
5629.0;2023;[0.];0.00;1.00
5629.0;2024;[0.];0.00;1.00
5629.0;2025;[0.];0.00;1.00
5813.0;2021;[17.95];698.44;0.48
5813.0;2022;[17.95];582.03;0.68
5813.0;2023;[17.95];498.88;0.78
5813.0;2024;[17.95];436.52;0.84
5813.0;2025;[17.95];388.02;0.88
6010.0;2021;[0.];0.00;nan
6010.0;2022;[0.];0.00;1.00
6010.0;2023;[0.];0.00;1.00
6010.0;2024;[0.];0.00;1.00
6010.0;2025;[0.];0.00;1.00
6020.0;2021;[-932.3];0.00;1.00
6020.0;2022;[-932.3];0.00;1.00
6020.0;2023;[-372.92];260754.99;0.40
6020.0;2024;[-372.92];208603.99;0.57
6020.0;2025;[-213.09714286];273171.89;0.33
6110.0;2021;[-6.68857143];199333558.20;0.00
6110.0;2022;[-6.68857143];170857335.60;0.00
6110.0;2023;[-6.68860714];149500168.65;0.00
6110.0;2024;[-6.68858333];132889038.80;0.00
6110.0;2025;[-6.68859394];119600134.92;0.00
6120.0;2021;[3813.79371429];62819949.27;0.40
6120.0;2022;[3813.79375];53845670.80;0.52
6120.0;2023;[3813.79378571];47114961.95;0.62
6120.0;2024;[3813.79381667];41879966.18;0.70
6120.0;2025;[3813.79384242];37691969.56;0.76
6130.0;2021;[-13432.28571429];61081488.10;0.82
6130.0;2022;[-7163.88571429];144043212.47;0.44
6130.0;2023;[-4235.40540541];151948341.91;0.26
6130.0;2024;[-4235.40537143];126623618.26;0.36
6130.0;2025;[-4235.40541393];108534529.94;0.45
6190.0;2021;[85992.44285714];282014435314.81;0.07
6190.0;2022;[85992.44285714];241726658841.27;0.11
6190.0;2023;[85992.44286905];211510826486.12;0.16
6190.0;2024;[85992.44288333];188009623543.21;0.21
6190.0;2025;[85992.44289697];169208661188.89;0.26
6201.0;2021;[-751.44285714];29726.03;0.97
6201.0;2022;[-350.6734];373642.37;0.45
6201.0;2023;[-350.67340698];298913.90;0.59
6201.0;2024;[-350.67336646];249094.91;0.69
6201.0;2025;[-350.67340217];213509.93;0.76
6202.0;2021;[-560.562];17166017.87;0.04
6202.0;2022;[-560.562];14305014.89;0.06
6202.0;2023;[-560.562];12261441.34;0.09
6202.0;2024;[-560.562];10728761.17;0.13
6202.0;2025;[-392.3934];9976598.25;0.09
6209.0;2021;[418.46657143];10550824.90;0.05
6209.0;2022;[418.46657143];9043564.20;0.07
6209.0;2023;[418.46660714];7913118.67;0.10
6209.0;2024;[418.46658333];7033883.26;0.14
6209.0;2025;[418.46659394];6330494.94;0.19
6311.0;2021;[-485.79142857];480451289.83;0.00
6311.0;2022;[-485.79146429];411815391.28;0.00
6311.0;2023;[-485.79144048];360338467.37;0.00
6311.0;2024;[-485.79146667];320300859.89;0.00
6311.0;2025;[-485.79145455];288270773.90;0.01
6399.0;2021;[-49.2];15824.70;0.16
6399.0;2022;[-49.2];12659.76;0.28
6399.0;2023;[-49.2];10549.80;0.40
6399.0;2024;[-49.2];9042.69;0.52
6399.0;2025;[-49.2];7912.35;0.62
6411.0;2021;[-293.015];41140.01;0.81
6411.0;2022;[-125.57785714];116052.67;0.35
6411.0;2023;[-74.31539855];120931.81;0.20
6411.0;2024;[-74.31539703];105815.34;0.28
6411.0;2025;[-74.31537432];94058.08;0.35
6412.0;2021;[-244.];377001.39;0.10
6412.0;2022;[-244.0001];282751.04;0.21
6412.0;2023;[-244.0001];226200.83;0.34
6412.0;2024;[-244.00008571];188500.69;0.48
6412.0;2025;[-244.00007143];161572.02;0.60
6421.0;2021;[0.];0.00;nan
6421.0;2022;[0.];0.00;1.00
6421.0;2023;[0.];0.00;1.00
6421.0;2024;[0.];0.00;1.00
6421.0;2025;[0.];0.00;1.00
6431.0;2021;[14.1];1571.37;0.16
6431.0;2022;[14.1];1178.53;0.27
6431.0;2023;[14.1];942.82;0.38
6431.0;2024;[14.1];785.69;0.50
6431.0;2025;[14.1];673.45;0.60
6432.0;2021;[0.];0.00;nan
6432.0;2022;[0.];0.00;1.00
6432.0;2023;[0.];0.00;1.00
6432.0;2024;[0.];0.00;1.00
6432.0;2025;[0.];0.00;1.00
6495.0;2021;[205.3];0.00;1.00
6495.0;2022;[205.3];0.00;1.00
6495.0;2023;[205.3];0.00;1.00
6495.0;2024;[205.3];0.00;1.00
6495.0;2025;[205.3];0.00;1.00
6511.0;2021;[-2438.6];2190441.92;0.84
6511.0;2022;[-1045.11428571];7488958.70;0.36
6511.0;2023;[-1045.11432609];6419107.46;0.49
6511.0;2024;[-699.91280892];7394824.48;0.33
6511.0;2025;[-699.91282162];6573177.32;0.41
6512.0;2021;[-120.92285714];194839.38;0.18
6512.0;2022;[-120.92282143];167005.18;0.26
6512.0;2023;[-120.92282143];146129.53;0.34
6512.0;2024;[-120.92283333];129892.92;0.43
6512.0;2025;[-120.92284848];116903.63;0.51
6521.0;2021;[-74.89285714];2594.43;0.77
6521.0;2022;[-18.64];6860.91;0.19
6521.0;2023;[-18.64];5488.73;0.30
6521.0;2024;[-18.64];4573.94;0.38
6521.0;2025;[-13.52311765];4592.72;0.28
6619.0;2021;[2293.021];4711846.06;0.69
6619.0;2022;[2293.021];3926538.39;0.80
6619.0;2023;[2293.021];3365604.33;0.86
6619.0;2024;[2293.021];2944903.79;0.90
6619.0;2025;[2293.021];2617692.26;0.93
6810.0;2021;[85.47428571];18038.28;0.54
6810.0;2022;[85.47425];15461.39;0.65
6810.0;2023;[85.47421429];13528.71;0.74
6810.0;2024;[85.47418333];12025.52;0.80
6810.0;2025;[85.47415758];10822.97;0.85
6820.0;2021;[1094.72342857];3297092.67;0.51
6820.0;2022;[1094.72342857];2826079.43;0.63
6820.0;2023;[1094.72339286];2472819.50;0.72
6820.0;2024;[1094.72341667];2198061.78;0.78
6820.0;2025;[1094.72340606];1978255.60;0.83
6920.0;2021;[53.41];30412.36;0.10
6920.0;2022;[53.41];24329.89;0.19
6920.0;2023;[53.41];20274.90;0.29
6920.0;2024;[53.41];17378.49;0.40
6920.0;2025;[53.41];15206.18;0.50
7010.0;2021;[15.39054054];1386149.35;0.00
7010.0;2022;[15.39057143];1155124.46;0.00
7010.0;2023;[15.39053279];990106.68;0.00
7010.0;2024;[15.39054887];866343.34;0.00
7010.0;2025;[15.39052419];770082.97;0.00
7020.0;2021;[94.5];0.00;1.00
7020.0;2022;[94.5];0.00;1.00
7020.0;2023;[94.5];0.00;1.00
7020.0;2024;[94.5];0.00;1.00
7020.0;2025;[94.5];0.00;1.00
7110.0;2021;[-993.64057143];1273500.50;0.69
7110.0;2022;[-993.64053571];1091571.86;0.78
7110.0;2023;[-662.42705952];2107000.23;0.52
7110.0;2024;[-662.42703333];1872889.09;0.61
7110.0;2025;[-662.42701818];1685600.18;0.68
7120.0;2021;[15.26428571];20733.40;0.03
7120.0;2022;[15.26432143];17771.48;0.05
7120.0;2023;[15.26430952];15550.05;0.07
7120.0;2024;[15.26428333];13822.26;0.10
7120.0;2025;[15.26430909];12440.04;0.13
7210.0;2021;[15.61371429];48857.75;0.01
7210.0;2022;[15.61371429];41878.07;0.02
7210.0;2023;[15.6137381];36643.31;0.03
7210.0;2024;[15.61376667];32571.83;0.05
7210.0;2025;[15.61379394];29314.65;0.06
7220.0;2021;[180.375];1014.75;0.96
7220.0;2022;[180.375];761.06;0.98
7220.0;2023;[180.375];608.85;0.99
7220.0;2024;[180.375];507.38;0.99
7220.0;2025;[180.375];434.89;1.00
7310.0;2021;[23.60081395];12294.26;0.13
7310.0;2022;[23.60083851];10245.22;0.20
7310.0;2023;[23.60086232];8781.62;0.26
7310.0;2024;[23.60088288];7683.91;0.33
7310.0;2025;[23.6009];6830.15;0.41
7410.0;2021;[0.];0.00;nan
7410.0;2022;[0.];0.00;1.00
7410.0;2023;[0.];0.00;1.00
7410.0;2024;[0.];0.00;1.00
7410.0;2025;[0.];0.00;1.00
7490.0;2021;[421.57942857];1307350.33;0.28
7490.0;2022;[421.57946429];1120586.00;0.39
7490.0;2023;[421.57944048];980512.75;0.49
7490.0;2024;[421.57946667];871566.89;0.58
7490.0;2025;[421.57945455];784410.20;0.65
7500.0;2021;[-0.32647059];25.76;0.02
7500.0;2022;[-0.32650746];20.61;0.03
7500.0;2023;[-0.32648069];17.18;0.04
7500.0;2024;[-0.32650266];14.72;0.05
7500.0;2025;[-0.32648611];12.88;0.07
7730.0;2021;[-277.75523256];100945.31;0.72
7730.0;2022;[-277.75525466];84121.09;0.80
7730.0;2023;[-277.75524275];72103.79;0.86
7730.0;2024;[-277.75522072];63090.82;0.89
7730.0;2025;[-204.02754118];182363.27;0.66
7820.0;2021;[-21.125];0.00;1.00
7820.0;2022;[-21.125];0.00;1.00
7820.0;2023;[-21.125];0.00;1.00
7820.0;2024;[-21.125];0.00;1.00
7820.0;2025;[-21.125];0.00;1.00
7990.0;2021;[11.48828571];49331.89;0.01
7990.0;2022;[11.48832143];42284.47;0.01
7990.0;2023;[11.48830952];36998.92;0.02
7990.0;2024;[11.48828333];32887.92;0.03
7990.0;2025;[11.48830909];29599.13;0.04
8010.0;2021;[113.47971429];1180530.33;0.03
8010.0;2022;[113.47967857];1011883.14;0.05
8010.0;2023;[113.47969048];885397.75;0.07
8010.0;2024;[113.47971667];787020.22;0.10
8010.0;2025;[113.47969091];708318.20;0.13
8020.0;2021;[-37.67];0.00;1.00
8020.0;2022;[-2.17326923];222.86;0.06
8020.0;2023;[-2.17323529];167.15;0.11
8020.0;2024;[-2.17320149];133.72;0.16
8020.0;2025;[-2.17317167];111.43;0.22
8110.0;2021;[0.];0.00;nan
8110.0;2022;[0.];0.00;1.00
8110.0;2023;[0.];0.00;1.00
8110.0;2024;[0.];0.00;1.00
8110.0;2025;[0.];0.00;1.00
8121.0;2021;[3.92743243];591.66;0.07
8121.0;2022;[3.92745714];493.05;0.11
8121.0;2023;[3.92742623];422.62;0.15
8121.0;2024;[3.92745363];369.79;0.21
8121.0;2025;[3.92744032];328.70;0.26
8129.0;2021;[-468.96621622];226138.47;0.74
8129.0;2022;[-258.65962733];431727.88;0.41
8129.0;2023;[-258.65958904];370052.47;0.52
8129.0;2024;[-258.6596];323795.91;0.61
8129.0;2025;[-258.65962703];287818.59;0.68
8220.0;2021;[465.];0.00;1.00
8220.0;2022;[465.];0.00;1.00
8220.0;2023;[465.];0.00;1.00
8220.0;2024;[465.];0.00;1.00
8220.0;2025;[465.];0.00;1.00
8230.0;2021;[0.];0.00;nan
8230.0;2022;[0.];0.00;1.00
8230.0;2023;[0.];0.00;1.00
8230.0;2024;[0.];0.00;1.00
8230.0;2025;[0.];0.00;1.00
8292.0;2021;[-35.87314286];79346.30;0.05
8292.0;2022;[-35.87310714];68011.11;0.07
8292.0;2023;[-35.87308333];59509.72;0.10
8292.0;2024;[-35.87306667];52897.53;0.14
8292.0;2025;[-35.87305455];47607.78;0.18
8299.0;2021;[755.393];13276391.88;0.08
8299.0;2022;[755.393];11063659.90;0.13
8299.0;2023;[755.393];9483137.06;0.19
8299.0;2024;[755.393];8297744.93;0.27
8299.0;2025;[755.393];7375773.27;0.34
8412.0;2021;[3792.64514286];10969404.68;0.79
8412.0;2022;[3792.64514286];9402346.87;0.86
8412.0;2023;[3792.64513095];8227053.51;0.90
8412.0;2024;[3792.64511667];7312936.46;0.93
8412.0;2025;[3792.64510303];6581642.81;0.95
8413.0;2021;[761.13971429];795966.43;0.68
8413.0;2022;[761.13967857];682256.94;0.77
8413.0;2023;[761.13969048];596974.82;0.84
8413.0;2024;[761.13971667];530644.28;0.88
8413.0;2025;[761.13969091];477579.86;0.91
8414.0;2021;[1874.5];0.00;1.00
8414.0;2022;[1874.5];0.00;1.00
8414.0;2023;[1874.5];0.00;1.00
8414.0;2024;[1874.5];0.00;1.00
8414.0;2025;[1874.5];0.00;1.00
8415.0;2021;[-8.724];3954.45;0.04
8415.0;2022;[-8.724];3295.37;0.06
8415.0;2023;[-8.724];2824.61;0.10
8415.0;2024;[-8.724];2471.53;0.14
8415.0;2025;[-8.724];2196.92;0.19
8422.0;2021;[682.91142857];1692781.50;0.45
8422.0;2022;[682.91139286];1450955.57;0.56
8422.0;2023;[682.91142857];1269586.12;0.66
8422.0;2024;[682.91141667];1128521.00;0.73
8422.0;2025;[682.91144242];1015668.90;0.79
8423.0;2021;[321.07285714];562939.73;0.35
8423.0;2022;[321.07285714];482519.77;0.46
8423.0;2023;[321.07286905];422204.80;0.56
8423.0;2024;[321.07288333];375293.15;0.65
8423.0;2025;[321.07289697];337763.84;0.72
8424.0;2021;[-255.29428571];11595239.39;0.02
8424.0;2022;[-255.29428571];9938776.62;0.03
8424.0;2023;[-255.2942619];8696429.54;0.04
8424.0;2024;[-255.29423333];7730159.60;0.05
8424.0;2025;[-255.29420606];6957143.64;0.07
8430.0;2021;[-39.426];173345.08;0.03
8430.0;2022;[-39.42603571];148581.50;0.04
8430.0;2023;[-39.42604762];130008.81;0.06
8430.0;2024;[-39.42605];115563.39;0.08
8430.0;2025;[-39.42604848];104007.05;0.11
8511.0;2021;[-209.68];18393.53;0.75
8511.0;2022;[-104.84];36697.68;0.37
8511.0;2023;[-59.90857143];38432.42;0.21
8511.0;2024;[-59.90857143];32942.07;0.30
8511.0;2025;[-59.90860714];28824.31;0.40
8512.0;2021;[0.];0.00;nan
8512.0;2022;[0.];0.00;1.00
8512.0;2023;[0.];0.00;1.00
8512.0;2024;[0.];0.00;1.00
8512.0;2025;[0.];0.00;1.00
8513.0;2021;[55.07285714];36958.07;0.19
8513.0;2022;[55.07282143];31678.35;0.28
8513.0;2023;[55.07282143];27718.55;0.36
8513.0;2024;[55.07283333];24638.71;0.45
8513.0;2025;[55.07284848];22174.84;0.53
8521.0;2021;[-70.4];47979.05;0.11
8521.0;2022;[-70.4];38383.24;0.21
8521.0;2023;[-70.4];31986.03;0.31
8521.0;2024;[-70.4];27416.60;0.42
8521.0;2025;[-46.93333333];29771.71;0.28
8522.0;2021;[-17.16];516963.26;0.00
8522.0;2022;[-17.16];413570.61;0.00
8522.0;2023;[-17.16];344642.17;0.00
8522.0;2024;[-17.16];295407.58;0.00
8522.0;2025;[-17.16];258481.63;0.01
8523.0;2021;[4610.10828571];76960655.94;0.45
8523.0;2022;[4610.10828571];65966276.52;0.56
8523.0;2023;[4610.1082619];57720491.95;0.66
8523.0;2024;[4610.10823333];51307103.96;0.73
8523.0;2025;[4610.10826061];46176393.56;0.79
8530.0;2021;[64.35542857];915447.99;0.01
8530.0;2022;[64.35542857];784669.70;0.02
8530.0;2023;[64.35539286];686585.99;0.03
8530.0;2024;[64.35541667];610298.66;0.04
8530.0;2025;[64.35540606];549268.79;0.06
8541.0;2021;[-169.1];55989.17;0.39
8541.0;2022;[-169.1];44791.34;0.56
8541.0;2023;[-169.1];37326.12;0.69
8541.0;2024;[-105.6875];58801.45;0.43
8541.0;2025;[-105.6875];51451.27;0.53
8542.0;2021;[44.12371429];189891.48;0.03
8542.0;2022;[44.12371429];162764.12;0.05
8542.0;2023;[44.1237381];142418.61;0.07
8542.0;2024;[44.12376667];126594.32;0.09
8542.0;2025;[44.12373939];113934.89;0.12
8543.0;2021;[25.72];3143317.67;0.00
8543.0;2022;[25.72003571];2694272.29;0.00
8543.0;2023;[25.72004762];2357488.25;0.00
8543.0;2024;[25.72005];2095545.11;0.00
8543.0;2025;[25.72004848];1885990.60;0.00
8544.0;2021;[767.52742857];740023390.11;0.00
8544.0;2022;[767.52742857];634305762.95;0.00
8544.0;2023;[767.52739286];555017542.58;0.01
8544.0;2024;[767.52741667];493348926.74;0.01
8544.0;2025;[767.52740606];444014034.06;0.01
8551.0;2021;[335.442];687541.08;0.32
8551.0;2022;[335.44196429];589320.93;0.43
8551.0;2023;[335.44195238];515655.81;0.53
8551.0;2024;[335.44195];458360.72;0.62
8551.0;2025;[335.44195152];412524.65;0.69
8552.0;2021;[-162.46371429];663903.61;0.10
8552.0;2022;[-162.46375];569060.24;0.16
8552.0;2023;[-162.46378571];497927.71;0.22
8552.0;2024;[-162.46381667];442602.41;0.28
8552.0;2025;[-162.46384242];398342.17;0.35
8559.0;2021;[-36.];0.00;1.00
8559.0;2022;[-36.];0.00;1.00
8559.0;2023;[-36.];0.00;1.00
8559.0;2024;[-36.];0.00;1.00
8559.0;2025;[-36.];0.00;1.00
8560.0;2021;[-74.57];25042.52;0.39
8560.0;2022;[-74.57];21465.02;0.51
8560.0;2023;[-49.71333333];25269.36;0.34
8560.0;2024;[-49.71333333];22461.65;0.42
8560.0;2025;[-36.1551697];24259.61;0.31
8610.0;2021;[5043.33285714];57291872.15;0.56
8610.0;2022;[5043.33282143];49107318.98;0.67
8610.0;2023;[5043.33282143];42968904.11;0.76
8610.0;2024;[5043.33283333];38194581.43;0.82
8610.0;2025;[5043.33284848];34375123.29;0.86
8621.0;2021;[737.274];648996.18;0.71
8621.0;2022;[737.274];556282.44;0.80
8621.0;2023;[737.274];486747.14;0.85
8621.0;2024;[737.274];432664.12;0.89
8621.0;2025;[737.274];389397.71;0.92
8622.0;2021;[-47.44142857];19217.69;0.25
8622.0;2022;[-47.44146429];16472.31;0.35
8622.0;2023;[-47.44144048];14413.27;0.45
8622.0;2024;[-47.44146667];12811.79;0.54
8622.0;2025;[-47.44145455];11530.61;0.62
8691.0;2021;[383.49428571];1072959.65;0.29
8691.0;2022;[383.49432143];919679.70;0.39
8691.0;2023;[383.49430952];804719.73;0.49
8691.0;2024;[383.49428333];715306.43;0.58
8691.0;2025;[383.49430909];643775.79;0.65
8692.0;2021;[-105.62057143];2952436.10;0.01
8692.0;2022;[-105.62060714];2530659.52;0.02
8692.0;2023;[-105.62057143];2214327.08;0.03
8692.0;2024;[-105.62058333];1968290.74;0.04
8692.0;2025;[-105.62055758];1771461.66;0.05
8699.0;2021;[333.46857143];376124.61;0.46
8699.0;2022;[333.46853571];322392.52;0.58
8699.0;2023;[333.46855952];282093.46;0.67
8699.0;2024;[333.46853333];250749.74;0.75
8699.0;2025;[333.46854545];225674.77;0.80
8710.0;2021;[-3.35];2.49;0.75
8710.0;2022;[-1.3399];5.24;0.30
8710.0;2023;[-1.3399];4.19;0.46
8710.0;2024;[-1.33991429];3.49;0.60
8710.0;2025;[-0.83742857];4.68;0.37
8730.0;2021;[-0.84];0.03;0.94
8730.0;2022;[-0.8399];0.02;0.97
8730.0;2023;[-0.8399];0.02;0.99
8730.0;2024;[-0.83991429];0.02;0.99
8730.0;2025;[-0.83992857];0.01;1.00
8790.0;2021;[39.65571429];3824.79;0.55
8790.0;2022;[39.65575];3278.39;0.66
8790.0;2023;[39.65578571];2868.59;0.74
8790.0;2024;[39.65581667];2549.86;0.80
8790.0;2025;[39.65584242];2294.87;0.85
8890.0;2021;[-96.95];124.29;0.98
8890.0;2022;[-9.34463855];4339.89;0.09
8890.0;2023;[-9.34465979];3471.91;0.16
8890.0;2024;[-9.34468966];2893.26;0.23
8890.0;2025;[-9.34466547];2479.94;0.29
9008.0;2021;[0.];0.00;nan
9008.0;2022;[0.];0.00;1.00
9008.0;2023;[0.];0.00;1.00
9008.0;2024;[0.];0.00;1.00
9008.0;2025;[0.];0.00;1.00
9101.0;2021;[-166.25];2323.35;0.89
9101.0;2022;[-16.02403614];14230.05;0.09
9101.0;2023;[-16.02399485];11384.04;0.15
9101.0;2024;[-16.02398276];9486.70;0.21
9101.0;2025;[-16.02397842];8131.46;0.26
9102.0;2021;[-96.15];114977.64;0.09
9102.0;2022;[-48.075];96604.53;0.05
9102.0;2023;[-48.075];80503.77;0.08
9102.0;2024;[-48.075];69003.23;0.12
9102.0;2025;[-32.05];63074.24;0.08
9103.0;2021;[273.95857143];191531.05;0.53
9103.0;2022;[273.95853571];164169.48;0.65
9103.0;2023;[273.95855952];143648.29;0.73
9103.0;2024;[273.95853333];127687.37;0.80
9103.0;2025;[273.95854545];114918.63;0.84
9311.0;2021;[-2.];0.00;1.00
9311.0;2022;[-2.];0.00;1.00
9311.0;2023;[-2.];0.00;1.00
9311.0;2024;[-1.1627907];3.35;0.58
9311.0;2025;[-1.16273913];2.79;0.68
9312.0;2021;[10.9];539853.34;0.00
9312.0;2022;[10.9];449877.78;0.00
9312.0;2023;[10.9];385609.53;0.00
9312.0;2024;[10.9];337408.34;0.00
9312.0;2025;[10.9];299918.52;0.00
9321.0;2021;[22.69];109955.51;0.01
9321.0;2022;[22.69];87964.41;0.01
9321.0;2023;[22.69];73303.67;0.02
9321.0;2024;[22.69];62831.72;0.03
9321.0;2025;[22.69];54977.76;0.05
9329.0;2021;[140.132];7872762.48;0.01
9329.0;2022;[140.13203571];6748082.13;0.01
9329.0;2023;[140.13204762];5904571.86;0.02
9329.0;2024;[140.13205];5248508.32;0.02
9329.0;2025;[140.13204848];4723657.49;0.03
9411.0;2021;[-72.91371429];373728.16;0.04
9411.0;2022;[-72.91375];320338.42;0.06
9411.0;2023;[-72.91378571];280296.12;0.09
9411.0;2024;[-72.91381667];249152.11;0.12
9411.0;2025;[-72.91384242];224236.90;0.16
9491.0;2021;[-272.195];120987.16;0.55
9491.0;2022;[-155.54];153744.15;0.31
9491.0;2023;[-97.2125];154461.35;0.20
9491.0;2024;[-64.80833333];146178.99;0.13
9491.0;2025;[-64.80836667];129936.88;0.18
9492.0;2021;[0.];0.00;nan
9492.0;2022;[0.];0.00;1.00
9492.0;2023;[0.];0.00;1.00
9492.0;2024;[0.];0.00;1.00
9492.0;2025;[0.];0.00;1.00
9499.0;2021;[1781.89142857];43684395.63;0.17
9499.0;2022;[1781.89142857];37443767.69;0.25
9499.0;2023;[1781.89139286];32763296.73;0.34
9499.0;2024;[1781.89141667];29122930.42;0.42
9499.0;2025;[1781.89140606];26210637.38;0.50
9511.0;2021;[-8.02];863.46;0.13
9511.0;2022;[-8.02];719.55;0.21
9511.0;2023;[-8.02];616.75;0.29
9511.0;2024;[-8.02];539.66;0.38
9511.0;2025;[-8.02];479.70;0.47
9512.0;2021;[-383.];1620506.42;0.18
9512.0;2022;[-383.];1296405.14;0.28
9512.0;2023;[-383.];1080337.61;0.38
9512.0;2024;[-383.];926003.67;0.47
9512.0;2025;[-272.09263514];1019606.76;0.33
9521.0;2021;[0.];0.00;nan
9521.0;2022;[0.];0.00;1.00
9521.0;2023;[0.];0.00;1.00
9521.0;2024;[0.];0.00;1.00
9521.0;2025;[0.];0.00;1.00
9522.0;2021;[224.2];284.81;0.99
9522.0;2022;[224.19993976];213.61;1.00
9522.0;2023;[224.1999433];170.89;1.00
9522.0;2024;[224.19994828];142.40;1.00
9522.0;2025;[224.19995324];122.06;1.00
9601.0;2021;[32.26857143];3243.21;0.48
9601.0;2022;[32.26853571];2779.89;0.60
9601.0;2023;[32.26855952];2432.41;0.69
9601.0;2024;[32.26853333];2162.14;0.76
9601.0;2025;[32.26854545];1945.92;0.82
9602.0;2021;[0.];0.00;nan
9602.0;2022;[0.];0.00;1.00
9602.0;2023;[0.];0.00;1.00
9602.0;2024;[0.];0.00;1.00
9602.0;2025;[0.];0.00;1.00
9603.0;2021;[178.85514286];214881.93;0.30
9603.0;2022;[178.85517857];184184.51;0.41
9603.0;2023;[178.85517857];161161.45;0.51
9603.0;2024;[178.85516667];143254.62;0.60
9603.0;2025;[178.85515152];128929.16;0.67
9609.0;2021;[-791.69314286];1788356.50;0.51
9609.0;2022;[-494.80825];2120481.26;0.32
9609.0;2023;[-494.80827381];1855421.11;0.41
9609.0;2024;[-494.80826667];1649263.21;0.50
9609.0;2025;[-359.86055758];1884976.34;0.36
9700.0;2021;[0.];0.00;nan
9700.0;2022;[-5.92118946e-16];0.00;-1.00
9700.0;2023;[-5.37038114e-16];0.00;-1.00
9700.0;2024;[-4.81335402e-16];0.00;1.00
9700.0;2025;[-4.26325641e-16];0.00;1.00
9900.0;2021;[-92.95];0.00;1.00
9900.0;2022;[-9.95892857];1285.67;0.11
9900.0;2023;[-9.9589];964.25;0.20
9900.0;2024;[-9.95890698];771.40;0.31
9900.0;2025;[-9.95891925];642.84;0.41
