ACTIVIDAD_ECONOMICA_CIIU;ANIO;GENERACION_TOTAL_KG
111;2018;479.0
111;2019;1181.0
111;2020;545.0
111;2021;801.0
111;2022;834.0
111;2023;867.0
111;2024;900.0
111;2025;933.0
113;2018;10.6
113;2020;17.0
113;2021;20.2
113;2022;23.4
113;2023;26.6
113;2024;29.8
113;2025;33.0
119;2020;12.0
119;2021;12.0
119;2022;12.0
119;2023;12.0
119;2024;12.0
119;2025;12.0
121;2017;16.97
121;2021;16.97
121;2022;16.97
121;2023;16.97
121;2024;16.97
121;2025;16.97
124;2018;11.0
124;2021;11.0
124;2022;11.0
124;2023;11.0
124;2024;11.0
124;2025;11.0
125;2015;55237.100000000006
125;2016;1811.26
125;2017;2820.47
125;2018;2683.28
125;2019;5492.849999999999
125;2020;1705.5
125;2021;11625.077
125;2022;11625.077
125;2023;11625.077
125;2024;927.143
125;2025;10555.283
126;2015;364.5
126;2016;303.7
126;2017;619.0
126;2018;1023.5
126;2019;526.0
126;2020;1341.97
126;2021;1292.32
126;2022;1462.57
126;2023;1632.82
126;2024;1803.07
126;2025;1973.32
128;2020;24.0
128;2021;24.0
128;2022;24.0
128;2023;24.0
128;2024;24.0
128;2025;24.0
130;2015;18.0
130;2016;14.05
130;2017;19.39
130;2018;114.0
130;2021;173.363
130;2022;202.697
130;2023;232.031
130;2024;261.365
130;2025;290.699
144;2018;57.5
144;2019;138.0
144;2020;505.0
144;2021;681.0
144;2022;904.75
144;2023;1128.5
144;2024;1352.25
144;2025;1576.0
145;2015;563.9
145;2016;101.0
145;2017;252.1
145;2018;345.77
145;2019;1340.7
145;2020;384.2
145;2021;789.372
145;2022;872.637
145;2023;955.902
145;2024;1039.167
145;2025;1122.432
149;2016;162.32
149;2017;80.4
149;2018;90.8
149;2019;77.9
149;2020;58.5
149;2021;30.942
149;2022;9.928
149;2023;72.97
149;2024;9.928
149;2025;65.965
150;2017;555.0
150;2018;24.0
150;2020;3.0
150;2021;194.0
150;2022;194.0
150;2023;47.128
150;2024;3.93
150;2025;145.865
161;2015;72.0
161;2016;93.0
161;2017;76.7
161;2018;116.2
161;2019;90.6
161;2020;5.7
161;2021;45.78
161;2022;37.231
161;2023;28.683
161;2024;20.134
161;2025;11.586
162;2015;265.0
162;2016;333.0
162;2017;618.7
162;2021;1289.817
162;2022;1466.667
162;2023;1643.517
162;2024;1820.367
162;2025;1997.217
210;2018;96.4
210;2019;7.7
210;2021;52.05
210;2022;26.707
210;2023;17.203
210;2024;7.7
210;2025;34.627
510;2018;86990.0
510;2019;62493.6
510;2020;12807.4
510;2021;54097.0
510;2022;17005.7
510;2023;2169.18
510;2024;39260.48
510;2025;2169.18
520;2015;1.0
520;2018;70.0
520;2020;13.0
520;2021;41.421
520;2022;45.447
520;2023;49.473
520;2024;53.5
520;2025;57.526
610;2015;16567.5
610;2016;14587.5
610;2017;4544.2
610;2018;19143.34
610;2019;14077.8
610;2020;9585.6
610;2021;10900.377
610;2022;10276.393
610;2023;9652.408
610;2024;9028.424
610;2025;8404.439
620;2017;7.6
620;2019;1360.0
620;2020;591.5
620;2021;1267.7
620;2022;1531.129
620;2023;1794.557
620;2024;2057.986
620;2025;2321.414
722;2015;5634.0
722;2016;183.03000000000003
722;2017;4511.01
722;2018;1250.95
722;2019;3142.5
722;2020;87.45
722;2021;256.717
722;2022;2152.237
722;2023;256.717
722;2024;1941.623
722;2025;256.717
723;2015;925.6
723;2016;1168.9
723;2017;1065.6
723;2018;659.0
723;2019;742.0
723;2020;146.85
723;2021;226.553
723;2022;67.095
723;2023;625.2
723;2024;67.095
723;2025;569.389
729;2019;5.6
729;2021;5.6
729;2022;5.6
729;2023;5.6
729;2024;5.6
729;2025;5.6
811;2015;25.0
811;2016;1130.0
811;2017;293.0
811;2018;304.0
811;2019;370.0
811;2020;288.9
811;2021;306.867
811;2022;279.738
811;2023;252.61
811;2024;225.481
811;2025;198.353
812;2016;55.0
812;2018;195.0
812;2019;8.9
812;2020;76.2
812;2021;73.569
812;2022;69.857
812;2023;66.146
812;2024;62.434
812;2025;58.723
820;2017;47.0
820;2018;357.0
820;2020;15.0
820;2021;50.143
820;2022;16.572
820;2023;97.143
820;2024;14.653
820;2025;85.359
892;2015;133.7
892;2016;0.0
892;2017;0.0
892;2018;133.7
892;2019;209.5
892;2021;209.5
892;2022;238.03
892;2023;266.56
892;2024;295.09
892;2025;323.62
899;2017;16.5
899;2018;36.65
899;2021;97.1
899;2022;117.25
899;2023;137.4
899;2024;157.55
899;2025;177.7
910;2015;11377.2
910;2016;3292.6
910;2017;13653.1
910;2018;9887.6
910;2019;15716.66
910;2020;8173.599999999999
910;2021;12098.995
910;2022;12598.671
910;2023;13098.348
910;2024;13598.024
910;2025;14097.701
990;2016;15.5
990;2017;73.0
990;2018;40.0
990;2021;91.833
990;2022;104.083
990;2023;116.333
990;2024;128.583
990;2025;140.833
1011;2015;3168.12
1011;2016;1926.27
1011;2017;2360.99
1011;2018;3910.34
1011;2019;3829.03
1011;2020;4083.35
1011;2021;4396.395
1011;2022;4734.503
1011;2023;5072.611
1011;2024;5410.719
1011;2025;5748.827
1012;2017;362.5
1012;2018;831.4
1012;2019;1065.5
1012;2020;722.5
1012;2021;1074.0
1012;2022;1205.41
1012;2023;1336.82
1012;2024;1468.23
1012;2025;1599.64
1020;2015;1211.26
1020;2016;1575.8
1020;2017;2534.5
1020;2018;631.6999999999999
1020;2019;322.7
1020;2020;487.1
1020;2021;198.887
1020;2022;994.564
1020;2023;198.887
1020;2024;22.07
1020;2025;817.747
1030;2015;1490.81
1030;2016;4222.32
1030;2017;6365.9400000000005
1030;2018;4857.18
1030;2019;3942.78
1030;2020;19343.0
1030;2021;15395.029
1030;2022;17878.274
1030;2023;20361.519
1030;2024;22844.764
1030;2025;25328.009
1040;2015;3965.7
1040;2016;6118.0
1040;2017;4479.64
1040;2018;7217.56
1040;2019;8409.75
1040;2020;7659.09
1040;2021;9116.302
1040;2022;9918.591
1040;2023;10720.88
1040;2024;11523.169
1040;2025;12325.458
1051;2015;378.04
1051;2016;1874.05
1051;2017;1734.0
1051;2018;1381.95
1051;2019;2206.0
1051;2020;1149.86
1051;2021;1904.273
1051;2022;2032.927
1051;2023;2161.581
1051;2024;2290.235
1051;2025;2418.889
1052;2017;269.0
1052;2018;29.6
1052;2021;149.3
1052;2022;103.262
1052;2023;89.45
1052;2024;75.639
1052;2025;61.827
1061;2015;124.4
1061;2016;81.5
1061;2017;75.3
1061;2018;126.6
1061;2019;95.2
1061;2020;490.3
1061;2021;357.74
1061;2022;412.651
1061;2023;467.563
1061;2024;522.474
1061;2025;577.386
1062;2015;774.91
1062;2016;1856.01
1062;2017;404.58
1062;2018;349.42
1062;2019;1893.36
1062;2020;644.07
1062;2021;927.327
1062;2022;910.261
1062;2023;893.195
1062;2024;876.129
1062;2025;859.063
1063;2015;1000.64
1063;2016;1836.9
1063;2017;1749.79
1063;2018;29.0
1063;2019;50.0
1063;2020;700.6
1063;2021;36.319
1063;2022;771.893
1063;2023;36.319
1063;2024;690.162
1063;2025;36.319
1071;2015;2960.0
1071;2016;10485.9
1071;2017;4881.62
1071;2018;11488.7
1071;2019;5176.7
1071;2020;3442.62
1071;2021;5715.181
1071;2022;5517.826
1071;2023;5320.471
1071;2024;5123.116
1071;2025;4925.761
1072;2015;12.7
1072;2016;25.0
1072;2017;46.44
1072;2018;111.9
1072;2019;30.33
1072;2020;48.0
1072;2021;71.523
1072;2022;78.893
1072;2023;86.263
1072;2024;93.633
1072;2025;101.003
1081;2015;663.4
1081;2016;2799.25
1081;2017;1317.5
1081;2018;6253.25
1081;2019;10432.4
1081;2020;1881.21
1081;2021;7283.593
1081;2022;8252.857
1081;2023;9222.121
1081;2024;10191.385
1081;2025;11160.649
1082;2015;5651.1
1082;2016;3638.5
1082;2017;4895.9
1082;2018;663.4
1082;2019;740.3499999999999
1082;2020;647.95
1082;2021;2706.2
1082;2022;2706.2
1082;2023;673.555
1082;2024;221.856
1082;2025;2254.501
1083;2015;330.4
1083;2018;12.0
1083;2019;105.8
1083;2020;175.60000000000002
1083;2021;41.479
1083;2022;3.322
1083;2023;111.433
1083;2024;111.433
1083;2025;17.51
1084;2016;18.4
1084;2017;15.7
1084;2018;29.68
1084;2019;65.34
1084;2020;13.9
1084;2021;40.796
1084;2022;44.86
1084;2023;48.924
1084;2024;52.988
1084;2025;57.052
1089;2015;6881.9
1089;2016;4425.31
1089;2017;6984.14
1089;2018;14627.28
1089;2019;15113.09
1089;2020;7956.7
1089;2021;13839.451
1089;2022;15127.465
1089;2023;16415.479
1089;2024;17703.492
1089;2025;18991.506
1090;2015;724.37
1090;2016;2865.37
1090;2017;5130.34
1090;2018;2034.77
1090;2019;3692.42
1090;2020;2146.03
1090;2021;3414.938
1090;2022;3600.477
1090;2023;3786.017
1090;2024;3971.556
1090;2025;4157.096
1101;2015;235.7
1101;2016;23.7
1101;2017;39.1
1101;2018;191.22
1101;2019;487.59
1101;2020;12.55
1101;2021;207.781
1101;2022;220.011
1101;2023;232.241
1101;2024;244.471
1101;2025;256.701
1102;2015;40.0
1102;2016;0.0
1102;2017;300.0
1102;2018;40.0
1102;2021;230.0
1102;2022;260.0
1102;2023;290.0
1102;2024;320.0
1102;2025;350.0
1103;2015;2529.2
1103;2016;3196.5
1103;2017;3115.4
1103;2018;3474.0
1103;2019;3044.0
1103;2020;4977.0
1103;2021;4603.36
1103;2022;4950.22
1103;2023;5297.08
1103;2024;5643.94
1103;2025;5990.8
1104;2015;6938.35
1104;2016;2361.2
1104;2017;3703.2
1104;2018;5290.12
1104;2019;46421.2
1104;2020;230183.94
1104;2021;174149.155
1104;2022;209863.294
1104;2023;245577.433
1104;2024;281291.572
1104;2025;317005.711
1200;2016;62.2
1200;2018;2504.0
1200;2019;639.3
1200;2020;29.5
1200;2021;734.94
1200;2022;708.1
1200;2023;681.26
1200;2024;654.42
1200;2025;627.58
1311;2015;2355.5
1311;2016;1930.0
1311;2017;1658.2
1311;2018;129.59
1311;2019;108.1
1311;2020;417.7
1311;2021;1099.848
1311;2022;1099.848
1311;2023;206.099
1311;2024;7.488
1311;2025;901.237
1312;2015;8431.99
1312;2016;7168.5
1312;2017;10641.98
1312;2018;499.91
1312;2019;974.9
1312;2020;2227.4
1312;2021;4990.78
1312;2022;723.221
1312;2023;4457.335
1312;2024;723.221
1312;2025;4083.924
1313;2015;1053.0
1313;2016;1169.25
1313;2017;665.8
1313;2018;352.25
1313;2019;743.4
1313;2020;68.94999999999999
1313;2021;24.307
1313;2022;582.422
1313;2023;24.307
1313;2024;520.41
1313;2025;24.307
1391;2015;740.0
1391;2021;740.0
1391;2022;740.0
1391;2023;740.0
1391;2024;740.0
1391;2025;740.0
1392;2015;235.7
1392;2016;658.56
1392;2017;257.5
1392;2018;446.0
1392;2019;231.0
1392;2020;35.0
1392;2021;100.859
1392;2022;40.925
1392;2023;250.693
1392;2024;40.925
1392;2025;229.716
1393;2015;4.0
1393;2016;77.0
1393;2017;105.12
1393;2018;78.9
1393;2019;40.0
1393;2021;90.564
1393;2022;97.954
1393;2023;105.344
1393;2024;112.734
1393;2025;120.124
1394;2017;228.0
1394;2020;13.0
1394;2021;120.5
1394;2022;21.269
1394;2023;95.692
1394;2024;12.142
1394;2025;81.767
1399;2015;996.0
1399;2016;1078.4
1399;2017;537.3
1399;2018;796.0
1399;2019;145.7
1399;2020;250.6
1399;2021;7.36
1399;2022;544.48
1399;2023;7.36
1399;2024;484.8
1399;2025;7.36
1410;2015;3697.5
1410;2016;3649.45
1410;2017;2912.11
1410;2018;7034.47
1410;2019;2077.88
1410;2020;2676.54
1410;2021;3104.943
1410;2022;2942.167
1410;2023;2779.391
1410;2024;2616.615
1410;2025;2453.839
1511;2015;65.32
1511;2016;277.34000000000003
1511;2017;67.49000000000001
1511;2018;55.0
1511;2019;193.4
1511;2020;251.8
1511;2021;218.534
1511;2022;237.622
1511;2023;256.71
1511;2024;275.799
1511;2025;294.887
1512;2016;14.25
1512;2017;53.65
1512;2018;26.2
1512;2019;232.82
1512;2020;5.6
1512;2021;115.065
1512;2022;131.252
1512;2023;147.439
1512;2024;163.626
1512;2025;179.813
1513;2015;2413.5
1513;2016;605.5
1513;2017;494.0
1513;2018;156.0
1513;2019;641.0
1513;2020;126.0
1513;2021;739.333
1513;2022;739.333
1513;2023;114.208
1513;2024;669.875
1513;2025;114.208
1521;2015;92.6
1521;2016;25.5
1521;2017;33.45
1521;2018;339.9
1521;2019;672.1
1521;2020;172.0
1521;2021;486.917
1521;2022;562.438
1521;2023;637.96
1521;2024;713.481
1521;2025;789.003
1522;2015;1105.0
1522;2016;1047.0
1522;2017;1041.2
1522;2018;1007.2
1522;2019;767.5
1522;2020;11812.8
1522;2021;8063.433
1522;2022;9568.19
1522;2023;11072.947
1522;2024;12577.704
1522;2025;14082.461
1523;2016;4.3
1523;2021;4.3
1523;2022;4.3
1523;2023;4.3
1523;2024;4.3
1523;2025;4.3
1610;2015;115.0
1610;2019;27.8
1610;2021;71.4
1610;2022;37.143
1610;2023;27.8
1610;2024;18.457
1610;2025;9.114
1620;2017;60.3
1620;2018;134.0
1620;2019;21.2
1620;2021;13.183
1620;2022;57.171
1620;2023;21.367
1620;2024;11.422
1620;2025;1.476
1630;2017;2.0
1630;2021;2.0
1630;2022;2.0
1630;2023;2.0
1630;2024;2.0
1630;2025;2.0
1640;2018;18.0
1640;2019;16.1
1640;2020;1.0
1640;2021;11.7
1640;2022;3.2
1640;2023;10.0
1640;2024;3.2
1640;2025;1.257
1690;2019;4.0
1690;2021;4.0
1690;2022;4.0
1690;2023;4.0
1690;2024;4.0
1690;2025;4.0
1701;2015;7467.0
1701;2016;8291.8
1701;2017;6120.0
1701;2018;6070.8
1701;2019;5222.8
1701;2020;4702.8
1701;2021;4004.813
1701;2022;3345.465
1701;2023;2686.116
1701;2024;2026.768
1701;2025;1367.419
1702;2015;2629.47
1702;2016;1963.8
1702;2017;1619.41
1702;2018;4768.9
1702;2019;2032.08
1702;2020;634.8
1702;2021;1612.841
1702;2022;1423.726
1702;2023;1234.611
1702;2024;1045.496
1702;2025;856.381
1709;2015;4294.9
1709;2016;3467.1
1709;2017;4324.97
1709;2018;5326.8
1709;2019;15344.3
1709;2020;4346.15
1709;2021;9873.005
1709;2022;10926.996
1709;2023;11980.987
1709;2024;13034.978
1709;2025;14088.969
1811;2015;18340.8
1811;2016;13886.1
1811;2017;8044.4
1811;2018;6644.0
1811;2019;6898.65
1811;2020;15887.35
1811;2021;8153.883
1811;2022;7164.455
1811;2023;6175.026
1811;2024;5185.598
1811;2025;4196.169
1812;2016;95.0
1812;2017;34.3
1812;2018;68.1
1812;2019;109.56
1812;2020;44.0
1812;2021;62.17
1812;2022;59.496
1812;2023;56.822
1812;2024;54.148
1812;2025;51.474
1910;2016;1092.0
1910;2017;425.4
1910;2018;317.06
1910;2019;687.0
1910;2020;118.5
1910;2021;22.372
1910;2022;443.722
1910;2023;22.372
1910;2024;391.053
1910;2025;22.372
1921;2015;210.0
1921;2016;384.5
1921;2017;26321.0
1921;2018;2456.0
1921;2019;62074.0
1921;2020;45441.0
1921;2021;61550.267
1921;2022;72617.653
1921;2023;83685.039
1921;2024;94752.425
1921;2025;105819.811
2011;2015;1957.49
2011;2016;4791.7
2011;2017;6881.450000000001
2011;2018;5496.81
2011;2019;8075.9
2011;2020;7305.74
2011;2021;9272.436
2011;2022;10278.413
2011;2023;11284.391
2011;2024;12290.368
2011;2025;13296.346
2012;2015;216.79
2012;2016;876.09
2012;2017;629.7
2012;2018;182.58
2012;2019;1066.45
2012;2020;6762.0
2012;2021;4907.269
2012;2022;5845.841
2012;2023;6784.413
2012;2024;7722.984
2012;2025;8661.556
2013;2015;1930.0
2013;2016;3485.0
2013;2017;6288.0
2013;2018;4820.5
2013;2019;1370.0
2013;2020;6510.5
2013;2021;5576.333
2013;2022;6007.476
2013;2023;6438.619
2013;2024;6869.762
2013;2025;7300.905
2021;2015;3.0
2021;2016;15.0
2021;2017;127.04
2021;2018;282.3
2021;2019;1319.6
2021;2020;1209.3300000000002
2021;2021;1502.783
2021;2022;1791.375
2021;2023;2079.967
2021;2024;2368.559
2021;2025;2657.151
2022;2015;109.0
2022;2016;188.0
2022;2017;726.0
2022;2018;554.75
2022;2019;1271.8
2022;2020;1785.5
2022;2021;1918.773
2022;2022;2246.277
2022;2023;2573.781
2022;2024;2901.285
2022;2025;3228.789
2023;2015;17954.21
2023;2016;17650.97
2023;2017;15925.19
2023;2018;19209.84
2023;2019;32323.76
2023;2020;15088.3
2023;2021;22989.392
2023;2022;23931.491
2023;2023;24873.59
2023;2024;25815.689
2023;2025;26757.788
2029;2015;6835.79
2029;2016;4656.57
2029;2017;12875.98
2029;2018;9862.65
2029;2019;4994.14
2029;2020;161718.04
2029;2021;110731.591
2029;2022;132800.466
2029;2023;154869.341
2029;2024;176938.216
2029;2025;199007.091
2030;2016;145.5
2030;2017;8.0
2030;2020;45.0
2030;2021;11.231
2030;2022;52.433
2030;2023;12.707
2030;2024;2.253
2030;2025;39.589
2100;2015;5251.5
2100;2016;11102.24
2100;2017;20785.83
2100;2018;19524.44
2100;2019;57429.45
2100;2020;8080.85
2100;2021;35549.084
2100;2022;39888.141
2100;2023;44227.198
2100;2024;48566.255
2100;2025;52905.312
2211;2017;2940.0
2211;2018;1329.0
2211;2020;208.0
2211;2021;1492.333
2211;2022;287.433
2211;2023;1251.353
2211;2024;264.482
2211;2025;7.038
2219;2015;13311.57
2219;2016;1166.56
2219;2017;369.35
2219;2018;410.09
2219;2019;5.0
2219;2020;153.7
2219;2021;2569.378
2219;2022;2569.378
2219;2023;2569.378
2219;2024;2569.378
2219;2025;261.602
2221;2015;127.93
2221;2016;11712.1
2221;2017;8581.6
2221;2018;541.38
2221;2019;759.1
2221;2020;18520.95
2221;2021;11813.765
2221;2022;13272.79
2221;2023;14731.815
2221;2024;16190.84
2221;2025;17649.865
2229;2015;5241.2
2229;2016;4207.21
2229;2017;4541.83
2229;2018;4290.26
2229;2019;11586.94
2229;2020;4642.25
2229;2021;7640.902
2229;2022;8180.698
2229;2023;8720.494
2229;2024;9260.29
2229;2025;9800.087
2310;2015;1605.4
2310;2016;10373.8
2310;2017;12951.8
2310;2018;900.5999999999999
2310;2019;1767.3
2310;2020;604.3
2310;2021;412.913
2310;2022;4088.016
2310;2023;412.913
2310;2024;3679.671
2310;2025;412.913
2391;2015;214.0
2391;2016;158.0
2391;2021;186.0
2391;2022;179.677
2391;2023;178.322
2391;2024;176.967
2391;2025;175.612
2392;2015;4865.9
2392;2016;2582.02
2392;2017;2899.85
2392;2018;4190.2
2392;2019;3940.27
2392;2020;2326.2
2392;2021;2734.067
2392;2022;2524.541
2392;2023;2315.015
2392;2024;2105.49
2392;2025;1895.964
2393;2015;9222.0
2393;2016;469.0
2393;2017;883.0
2393;2018;1310.0
2393;2019;332.5
2393;2020;39.5
2393;2021;2042.667
2393;2022;2042.667
2393;2023;2042.667
2393;2024;130.375
2393;2025;1851.438
2394;2015;3761.01
2394;2016;5677.0
2394;2017;9822.0
2394;2018;4432.2
2394;2019;4669.52
2394;2020;6260.5
2394;2021;6178.893
2394;2022;6295.613
2394;2023;6412.333
2394;2024;6529.054
2394;2025;6645.774
2395;2015;5225.3
2395;2016;1427.1
2395;2017;1813.55
2395;2018;1392.9
2395;2019;554.05
2395;2020;3267.45
2395;2021;997.153
2395;2022;630.609
2395;2023;264.065
2395;2024;1730.242
2395;2025;264.065
2399;2015;34.26
2399;2016;110.32
2399;2017;412.75
2399;2018;44.0
2399;2019;6.45
2399;2020;27.5
2399;2021;34.464
2399;2022;14.059
2399;2023;85.475
2399;2024;14.059
2399;2025;78.334
2410;2015;14127.12
2410;2016;5345.0
2410;2017;3592.25
2410;2018;4564.2
2410;2019;10763.79
2410;2020;15019.0
2410;2021;11070.665
2410;2022;11690.314
2410;2023;12309.963
2410;2024;12929.612
2410;2025;13549.261
2429;2015;571.0
2429;2016;129.0
2429;2017;625.1
2429;2018;7.4
2429;2019;100.0
2429;2020;274.0
2429;2021;65.447
2429;2022;2.884
2429;2023;221.854
2429;2024;2.884
2429;2025;199.957
2431;2015;80.77000000000001
2431;2016;319.2
2431;2017;564.01
2431;2018;1225.02
2431;2019;700.5
2431;2020;327.22
2431;2021;839.836
2431;2022;926.612
2431;2023;1013.388
2431;2024;1100.164
2431;2025;1186.94
2432;2015;660.0
2432;2016;908.5
2432;2017;3236.1
2432;2018;469.35
2432;2019;849.7
2432;2020;799.2
2432;2021;929.093
2432;2022;864.889
2432;2023;800.685
2432;2024;736.48
2432;2025;672.276
2511;2015;1926.8
2511;2016;143.39
2511;2017;242.41
2511;2018;891.6
2511;2019;969.85
2511;2020;498.65
2511;2021;377.565
2511;2022;262.931
2511;2023;148.297
2511;2024;33.663
2511;2025;549.516
2512;2015;185.1
2512;2017;83.15
2512;2018;26.0
2512;2019;39.0
2512;2020;128.3
2512;2021;38.139
2512;2022;21.211
2512;2023;4.282
2512;2024;65.648
2512;2025;3.006
2513;2016;94.0
2513;2017;49.2
2513;2018;217.0
2513;2019;161.1
2513;2020;11.0
2513;2021;90.23
2513;2022;84.82
2513;2023;79.41
2513;2024;74.0
2513;2025;68.59
2520;2016;70.0
2520;2018;575.0
2520;2019;325.0
2520;2020;841.0
2520;2021;897.229
2520;2022;1058.857
2520;2023;1220.486
2520;2024;1382.114
2520;2025;1543.743
2591;2015;891.5
2591;2016;604.1
2591;2017;233.0
2591;2018;210.5
2591;2021;484.775
2591;2022;222.868
2591;2023;165.932
2591;2024;108.996
2591;2025;52.059
2592;2015;1082.6
2592;2016;4105.2
2592;2017;1985.5
2592;2018;4141.0
2592;2019;4772.0
2592;2020;96126.6
2592;2021;66639.74
2592;2022;80336.194
2592;2023;94032.648
2592;2024;107729.102
2592;2025;121425.557
2593;2015;266.4
2593;2016;641.7
2593;2017;320.4
2593;2018;457.9
2593;2019;1069.0
2593;2020;292.0
2593;2021;662.64
2593;2022;706.851
2593;2023;751.063
2593;2024;795.274
2593;2025;839.486
2599;2015;3706.7
2599;2016;3414.5
2599;2017;6327.9
2599;2018;5824.3
2599;2019;8631.3
2599;2020;6649.41
2599;2021;8745.053
2599;2022;9598.206
2599;2023;10451.359
2599;2024;11304.512
2599;2025;12157.665
2610;2018;192.0
2610;2019;192.0
2610;2021;192.0
2610;2022;192.0
2610;2023;192.0
2610;2024;192.0
2610;2025;192.0
2620;2015;6965.0
2620;2016;1973.0
2620;2017;1234.75
2620;2018;1493.5
2620;2019;1631.1
2620;2020;3718.9
2620;2021;1136.297
2620;2022;650.655
2620;2023;165.014
2620;2024;2107.58
2620;2025;165.014
2651;2019;0.8
2651;2021;0.8
2651;2022;0.8
2651;2023;0.8
2651;2024;0.8
2651;2025;0.8
2711;2015;897.1
2711;2016;1566.6
2711;2017;2470.2
2711;2018;17816.5
2711;2019;17588.0
2711;2020;60.0
2711;2021;12655.567
2711;2022;14347.71
2711;2023;16039.853
2711;2024;17731.996
2711;2025;19424.139
2712;2015;101.7
2712;2016;165.4
2712;2017;137.9
2712;2018;105.7
2712;2019;9.0
2712;2020;36.4
2712;2021;9.893
2712;2022;80.856
2712;2023;9.893
2712;2024;72.971
2712;2025;9.893
2720;2015;370.9
2720;2016;953.5
2720;2017;906.0
2720;2018;1065.0
2720;2019;276.0
2720;2020;400.0
2720;2021;489.1
2720;2022;439.729
2720;2023;390.357
2720;2024;340.986
2720;2025;291.614
2731;2015;907.5
2731;2016;450.0
2731;2017;69.0
2731;2018;1072.0
2731;2019;243.0
2731;2021;265.5
2731;2022;194.8
2731;2023;124.1
2731;2024;53.4
2731;2025;375.478
2740;2015;1219.3
2740;2016;615.4
2740;2017;347.0
2740;2018;2376.0
2740;2019;2158.0
2740;2020;1692.0
2740;2021;2303.313
2740;2022;2561.036
2740;2023;2818.759
2740;2024;3076.482
2740;2025;3334.205
2750;2015;5842.7
2750;2016;11264.1
2750;2017;16179.8
2750;2018;4133.9
2750;2019;24408.0
2750;2020;15934.81
2750;2021;20745.187
2750;2022;22969.368
2750;2023;25193.55
2750;2024;27417.731
2750;2025;29641.913
2790;2015;16328.5
2790;2016;6581.0
2790;2017;4728.3
2790;2018;6075.8
2790;2019;3845.0
2790;2020;5234.5
2790;2021;899.133
2790;2022;6241.748
2790;2023;899.133
2790;2024;5648.124
2790;2025;899.133
2811;2015;420.0
2811;2016;42.0
2811;2020;23.0
2811;2021;161.667
2811;2022;36.59
2811;2023;5.321
2811;2024;114.763
2811;2025;0.088
2812;2019;1.0
2812;2021;1.0
2812;2022;1.0
2812;2023;1.0
2812;2024;1.0
2812;2025;1.0
2813;2015;87.0
2813;2016;88.85
2813;2017;65.0
2813;2018;11.0
2813;2019;0.0
2813;2020;668.0
2813;2021;411.753
2813;2022;485.595
2813;2023;559.436
2813;2024;633.278
2813;2025;707.119
2814;2017;35.0
2814;2021;35.0
2814;2022;35.0
2814;2023;35.0
2814;2024;35.0
2814;2025;35.0
2816;2015;1574.05
2816;2016;1097.3
2816;2017;57.0
2816;2020;64.0
2816;2021;698.087
2816;2022;62.853
2816;2023;592.215
2816;2024;74.233
2816;2025;527.467
2819;2015;712.0
2819;2016;796.1
2819;2017;248.2
2819;2018;559.4000000000001
2819;2019;206.6
2819;2020;555.95
2819;2021;289.287
2819;2022;225.357
2819;2023;161.427
2819;2024;97.497
2819;2025;33.567
2829;2015;497.8
2829;2016;856.85
2829;2017;16.0
2829;2019;486.0
2829;2020;80.0
2829;2021;91.144
2829;2022;8.87
2829;2023;290.952
2829;2024;6.774
2829;2025;259.377
2910;2018;337.6
2910;2019;648.5
2910;2020;440.5
2910;2021;578.433
2910;2022;629.883
2910;2023;681.333
2910;2024;732.783
2910;2025;784.233
2920;2015;393.0
2920;2016;677.0
2920;2017;59.0
2920;2018;1127.0
2920;2019;479.4
2920;2020;254.15
2920;2021;476.353
2920;2022;470.095
2920;2023;463.836
2920;2024;457.578
2920;2025;451.319
2930;2015;1153.85
2930;2016;1690.5
2930;2017;1563.42
2930;2018;1802.5
2930;2019;1886.95
2930;2020;851.3
2930;2021;1422.988
2930;2022;1403.436
2930;2023;1383.884
2930;2024;1364.332
2930;2025;1344.78
3091;2015;2247.1
3091;2016;4964.5
3091;2017;2411.6
3091;2018;2289.0
3091;2019;2360.8
3091;2020;4801.8
3091;2021;3663.113
3091;2022;3801.393
3091;2023;3939.673
3091;2024;4077.953
3091;2025;4216.233
3110;2015;1342.5
3110;2016;954.33
3110;2017;1017.0
3110;2018;950.85
3110;2019;1371.6
3110;2020;592.0
3110;2021;781.363
3110;2022;708.025
3110;2023;634.687
3110;2024;561.349
3110;2025;488.011
3120;2015;16.0
3120;2016;566.0
3120;2017;491.3
3120;2018;56.0
3120;2019;693.6
3120;2020;402.4
3120;2021;558.833
3120;2022;612.533
3120;2023;666.233
3120;2024;719.933
3120;2025;773.633
3210;2015;278.0
3210;2016;420.0
3210;2017;336.0
3210;2018;488.0
3210;2019;54.0
3210;2020;107.5
3210;2021;100.733
3210;2022;49.347
3210;2023;229.197
3210;2024;49.347
3210;2025;13.377
3250;2016;48.0
3250;2017;335.7
3250;2018;553.2
3250;2019;81.6
3250;2020;384.3
3250;2021;406.11
3250;2022;447.96
3250;2023;489.81
3250;2024;531.66
3250;2025;573.51
3290;2015;3365.6
3290;2016;2040.91
3290;2017;1160.12
3290;2018;1564.51
3290;2019;2086.4
3290;2020;607.6
3290;2021;479.276
3290;2022;100.729
3290;2023;1425.643
3290;2024;100.729
3290;2025;1293.152
3311;2015;118.0
3311;2016;108.5
3311;2017;1065.0
3311;2019;187.0
3311;2020;168.0
3311;2021;303.116
3311;2022;295.843
3311;2023;288.57
3311;2024;281.297
3311;2025;274.023
3312;2016;1446.6999999999998
3312;2017;8901.1
3312;2018;4677.82
3312;2019;17337.41
3312;2020;9387.5
3312;2021;15645.479
3312;2022;18077.27
3312;2023;20509.061
3312;2024;22940.852
3312;2025;25372.643
3314;2015;9.5
3314;2016;2.5
3314;2017;34.0
3314;2018;491.5
3314;2019;495.6
3314;2020;441.0
3314;2021;655.113
3314;2022;772.093
3314;2023;889.073
3314;2024;1006.053
3314;2025;1123.033
3315;2016;195.0
3315;2021;195.0
3315;2022;195.0
3315;2023;195.0
3315;2024;195.0
3315;2025;195.0
3319;2020;7.0
3319;2021;7.0
3319;2022;7.0
3319;2023;7.0
3319;2024;7.0
3319;2025;7.0
3320;2018;48.8
3320;2019;1.7
3320;2020;3.0
3320;2021;17.833
3320;2022;17.833
3320;2023;4.093
3320;2024;15.543
3320;2025;4.093
3511;2015;17203.4
3511;2016;40997.54
3511;2017;43363.57
3511;2018;35813.58
3511;2019;15299.42
3511;2020;28120.1
3511;2021;27126.85
3511;2022;26267.969
3511;2023;25409.087
3511;2024;24550.206
3511;2025;23691.324
3512;2015;5978.0
3512;2016;5.5
3512;2017;33.0
3512;2018;84.0
3512;2019;121.9
3512;2020;158.85
3512;2021;1063.542
3512;2022;1063.542
3512;2023;1063.542
3512;2024;1063.542
3512;2025;107.024
3513;2015;3946.4
3513;2016;176544.59999999998
3513;2017;80139.83
3513;2018;75817.09999999999
3513;2019;89688.7
3513;2020;74642.6
3513;2021;92322.262
3513;2022;94853.421
3513;2023;97384.58
3513;2024;99915.739
3513;2025;102446.898
3514;2015;820.0
3514;2016;4041.0
3514;2017;1698.0
3514;2018;3546.0
3514;2019;6559.0
3514;2020;16034.0
3514;2021;13996.867
3514;2022;16438.924
3514;2023;18880.981
3514;2024;21323.038
3514;2025;23765.095
3520;2015;5393.2
3520;2016;2789.74
3520;2017;2219.9
3520;2018;2079.7
3520;2019;5780.5
3520;2020;4622.12
3520;2021;4311.861
3520;2022;4454.052
3520;2023;4596.243
3520;2024;4738.434
3520;2025;4880.625
3600;2015;5681.08
3600;2016;4397.15
3600;2017;1265.55
3600;2018;4901.2
3600;2019;1573.43
3600;2020;2722.76
3600;2021;1460.817
3600;2022;900.043
3600;2023;339.268
3600;2024;2582.366
3600;2025;339.268
3700;2015;209.6
3700;2016;326.3
3700;2017;2246.52
3700;2018;448.0
3700;2019;1979.86
3700;2020;346.5
3700;2021;1310.796
3700;2022;1420.701
3700;2023;1530.605
3700;2024;1640.51
3700;2025;1750.414
3811;2015;1436.65
3811;2016;515.4
3811;2017;917.33
3811;2018;1483.02
3811;2019;706.25
3811;2020;1051.94
3811;2021;939.901
3811;2022;917.463
3811;2023;895.026
3811;2024;872.588
3811;2025;850.151
3812;2015;686.1
3812;2016;1418.0
3812;2017;1577.7
3812;2018;1260.5
3812;2019;561.9
3812;2020;363.0
3812;2021;527.767
3812;2022;399.167
3812;2023;270.567
3812;2024;141.967
3812;2025;13.367
3821;2015;0.9
3821;2016;855.0
3821;2017;69.0
3821;2018;1303.0
3821;2019;187.0
3821;2020;212.2
3821;2021;466.5
3821;2022;474.686
3821;2023;482.872
3821;2024;491.058
3821;2025;499.243
3822;2015;1717.01
3822;2016;7357.5
3822;2017;135237.84
3822;2018;19662.17
3822;2019;5320.0
3822;2020;8264.0
3822;2021;20697.765
3822;2022;18156.244
3822;2023;15614.724
3822;2024;13073.203
3822;2025;10531.683
3830;2015;2.0
3830;2016;138.0
3830;2017;721.8
3830;2018;4415.9
3830;2019;3841.1
3830;2020;7098.5
3830;2021;7731.473
3830;2022;9168.213
3830;2023;10604.953
3830;2024;12041.693
3830;2025;13478.433
3900;2015;267.7
3900;2016;340.01
3900;2017;173.0
3900;2018;2373.62
3900;2019;1629.3
3900;2020;2253.62
3900;2021;2772.684
3900;2022;3229.772
3900;2023;3686.86
3900;2024;4143.949
3900;2025;4601.037
4111;2015;81.3
4111;2016;808.6
4111;2017;1842.68
4111;2018;1630.2
4111;2019;1522.7
4111;2020;2362.3
4111;2021;2708.112
4111;2022;3089.107
4111;2023;3470.102
4111;2024;3851.097
4111;2025;4232.092
4112;2015;474.5
4112;2016;571.3
4112;2017;340.6
4112;2018;463.8
4112;2019;464.0
4112;2020;207.6
4112;2021;266.98
4112;2022;223.174
4112;2023;179.368
4112;2024;135.562
4112;2025;91.757
4210;2015;81.2
4210;2016;44.0
4210;2017;1947.4
4210;2018;846.9300000000001
4210;2019;1260.3
4210;2020;711.5
4210;2021;1385.215
4210;2022;1548.07
4210;2023;1710.925
4210;2024;1873.78
4210;2025;2036.635
4220;2016;1546.65
4220;2017;73.7
4220;2018;46.2
4220;2019;141.0
4220;2020;70.5
4220;2021;375.61
4220;2022;375.61
4220;2023;375.61
4220;2024;66.503
4220;2025;341.265
4290;2015;11144.3
4290;2016;8607.78
4290;2017;13029.73
4290;2018;13749.3
4290;2019;19145.74
4290;2020;3903.78
4290;2021;11209.857
4290;2022;11099.31
4290;2023;10988.763
4290;2024;10878.216
4290;2025;10767.669
4312;2016;15.0
4312;2021;15.0
4312;2022;15.0
4312;2023;15.0
4312;2024;15.0
4312;2025;15.0
4321;2015;692.4
4321;2016;1895.25
4321;2017;2217.9
4321;2018;7821.35
4321;2019;3155.25
4321;2020;2095.7
4321;2021;4619.637
4321;2022;5088.207
4321;2023;5556.777
4321;2024;6025.347
4321;2025;6493.917
4322;2015;7.0
4322;2016;48.45
4322;2017;83.4
4322;2018;1252.0
4322;2019;196.9
4322;2020;17.4
4322;2021;434.12
4322;2022;481.719
4322;2023;529.317
4322;2024;576.916
4322;2025;624.514
4329;2015;1023.6
4329;2016;884.05
4329;2017;807.6
4329;2018;659.2
4329;2019;1209.2
4329;2020;30.0
4329;2021;354.847
4329;2022;236.534
4329;2023;118.221
4329;2024;591.472
4329;2025;118.221
4390;2015;2167.6
4390;2016;650.0
4390;2018;314.6
4390;2019;210.0
4390;2021;835.55
4390;2022;52.545
4390;2023;705.049
4390;2024;86.044
4390;2025;627.673
4511;2015;5344.8
4511;2016;6677.1900000000005
4511;2017;11364.8
4511;2018;7248.0
4511;2019;17090.7
4511;2020;11021.7
4511;2021;15342.021
4511;2022;16927.971
4511;2023;18513.92
4511;2024;20099.87
4511;2025;21685.819
4520;2015;2494.8
4520;2016;33398.5
4520;2017;5007.0
4520;2018;36853.09
4520;2019;29487.4
4520;2020;26402.1
4520;2021;36238.744
4520;2022;40228.724
4520;2023;44218.704
4520;2024;48208.684
4520;2025;52198.663
4530;2015;22236.8
4530;2016;20223.8
4530;2017;10183.0
4530;2018;35269.1
4530;2019;1977.0
4530;2020;2079.49
4530;2021;2284.113
4530;2022;13464.758
4530;2023;2284.113
4530;2024;12222.464
4530;2025;2284.113
4541;2015;33.0
4541;2016;305.42
4541;2017;276.52
4541;2018;508.4
4541;2019;234.0
4541;2020;281.5
4541;2021;399.152
4541;2022;435.155
4541;2023;471.159
4541;2024;507.162
4541;2025;543.166
4542;2017;3.0
4542;2018;0.3
4542;2019;104.5
4542;2021;188.183
4542;2022;238.933
4542;2023;289.683
4542;2024;340.433
4542;2025;391.183
4610;2015;27.0
4610;2016;64.4
4610;2017;46.9
4610;2018;148.6
4610;2019;411.0
4610;2020;185.0
4610;2021;340.3
4610;2022;395.486
4610;2023;450.672
4610;2024;505.857
4610;2025;561.043
4620;2015;35.0
4620;2018;7.0
4620;2019;14.0
4620;2020;0.0
4620;2021;14.0
4620;2022;14.0
4620;2023;2.686
4620;2024;12.384
4620;2025;2.151
4631;2015;16369.47
4631;2016;13303.6
4631;2017;17963.26
4631;2018;2636.2
4631;2019;1610.05
4631;2020;10710.3
4631;2021;2561.791
4631;2022;313.118
4631;2023;8183.474
4631;2024;313.118
4631;2025;7396.438
4641;2015;56.0
4641;2020;13.6
4641;2021;5.12
4641;2022;24.907
4641;2023;3.756
4641;2024;20.677
4641;2025;1.458
4644;2015;6768.85
4644;2016;14434.74
4644;2017;19795.71
4644;2018;20186.39
4644;2021;35822.538
4644;2022;40383.897
4644;2023;44945.256
4644;2024;49506.615
4644;2025;54067.974
4645;2015;3902.31
4645;2016;2815.53
4645;2017;6306.37
4645;2018;9648.16
4645;2019;58107.87
4645;2020;33728.45
4645;2021;50919.733
4645;2022;60015.433
4645;2023;69111.133
4645;2024;78206.834
4645;2025;87302.534
4651;2016;72.5
4651;2017;36.5
4651;2018;118.0
4651;2019;145.5
4651;2020;19.5
4651;2021;79.3
4651;2022;79.6
4651;2023;79.9
4651;2024;80.2
4651;2025;80.5
4652;2015;1241.5
4652;2016;274.91
4652;2017;2668.44
4652;2018;319.57
4652;2019;2530.9
4652;2020;96000.97
4652;2021;64994.36
4652;2022;78657.687
4652;2023;92321.014
4652;2024;105984.341
4652;2025;119647.668
4659;2015;1299.12
4659;2016;36837.7
4659;2017;35239.5
4659;2018;4280.26
4659;2019;14200.1
4659;2020;33489.200000000004
4659;2021;27098.816
4659;2022;28872.483
4659;2023;30646.151
4659;2024;32419.818
4659;2025;34193.486
4661;2015;139.8
4661;2016;2057.1
4661;2017;1873.19
4661;2018;1251.63
4661;2019;3860.2
4661;2020;2520.65
4661;2021;3619.627
4661;2022;4096.541
4661;2023;4573.455
4661;2024;5050.369
4661;2025;5527.283
4663;2016;8.6
4663;2018;439.78
4663;2019;162.0
4663;2020;509.0
4663;2021;557.345
4663;2022;658.254
4663;2023;759.163
4663;2024;860.072
4663;2025;960.981
4664;2015;6381.5
4664;2016;2993.2000000000003
4664;2017;1443.8
4664;2018;8665.08
4664;2019;596.4
4664;2020;812.5000000000001
4664;2021;700.668
4664;2022;3084.735
4664;2023;700.668
4664;2024;170.875
4664;2025;2554.943
4665;2015;5396.0
4665;2016;120657.07
4665;2017;34844.2
4665;2018;1016.7
4665;2019;36073.7
4665;2020;35644.27
4665;2021;25305.031
4665;2022;21409.709
4665;2023;17514.387
4665;2024;13619.066
4665;2025;9723.744
4669;2015;1727.9
4669;2016;2058.8
4669;2017;1397.4
4669;2018;2532.21
4669;2019;15156.6
4669;2020;6812.719999999999
4669;2021;11532.836
4669;2022;13414.331
4669;2023;15295.825
4669;2024;17177.32
4669;2025;19058.814
4690;2015;6158.72
4690;2016;12254.5
4690;2017;15256.34
4690;2018;6215.16
4690;2019;3695.82
4690;2020;5973.8
4690;2021;4694.875
4690;2022;3676.537
4690;2023;2658.199
4690;2024;1639.862
4690;2025;621.524
4711;2015;5513.8
4711;2016;15737.44
4711;2017;26263.370000000003
4711;2018;16575.31
4711;2019;20424.14
4711;2020;28852.29
4711;2021;31000.841
4711;2022;34459.826
4711;2023;37918.812
4711;2024;41377.797
4711;2025;44836.783
4719;2015;810.0
4719;2016;598.0
4719;2017;2812.9
4719;2018;7465.7
4719;2019;21793.81
4719;2020;29185.22
4719;2021;31455.905
4719;2022;37459.229
4719;2023;43462.553
4719;2024;49465.877
4719;2025;55469.201
4723;2015;1006.5
4723;2016;253.7
4723;2017;20.0
4723;2018;333.5
4723;2019;10.0
4723;2020;16.3
4723;2021;273.333
4723;2022;273.333
4723;2023;273.333
4723;2024;49.641
4723;2025;4.903
4729;2015;8.0
4729;2016;690.8
4729;2018;71.0
4729;2020;12.0
4729;2021;195.45
4729;2022;73.104
4729;2023;42.517
4729;2024;11.931
4729;2025;138.1
4731;2015;1109.5
4731;2016;1096.5
4731;2017;4862.139999999999
4731;2018;2496.84
4731;2019;1253.0
4731;2020;1384.12
4731;2021;1981.413
4731;2022;1966.479
4731;2023;1951.545
4731;2024;1936.61
4731;2025;1921.676
4732;2015;4362.2
4732;2016;1100.0
4732;2017;2084.0
4732;2018;123.5
4732;2020;2.5
4732;2021;1534.44
4732;2022;1534.44
4732;2023;303.992
4732;2024;34.831
4732;2025;1231.1
4741;2015;1910.3
4741;2016;1626.0
4741;2017;5127.03
4741;2018;3971.52
4741;2019;159.0
4741;2020;816.0
4741;2021;1165.507
4741;2022;850.421
4741;2023;535.335
4741;2024;220.249
4741;2025;1638.136
4752;2015;270.7
4752;2016;528.7
4752;2017;158.5
4752;2018;116.2
4752;2019;873.5
4752;2020;369.7
4752;2021;534.927
4752;2022;577.415
4752;2023;619.904
4752;2024;662.392
4752;2025;704.881
4754;2016;200.0
4754;2018;406.0
4754;2020;849.9
4754;2021;972.725
4754;2022;1135.2
4754;2023;1297.675
4754;2024;1460.15
4754;2025;1622.625
4759;2015;83.0
4759;2016;64.0
4759;2019;16.0
4759;2020;73.55
4759;2021;39.45
4759;2022;33.825
4759;2023;28.2
4759;2024;22.575
4759;2025;16.95
4762;2019;0.7
4762;2021;0.7
4762;2022;0.7
4762;2023;0.7
4762;2024;0.7
4762;2025;0.7
4771;2020;0.0
4771;2021;0.0
4771;2022;0.0
4771;2023;0.0
4771;2024;0.0
4771;2025;0.0
4773;2015;23.2
4773;2016;20.0
4773;2017;133.0
4773;2018;36.1
4773;2019;98.8
4773;2020;462.0
4773;2021;362.2
4773;2022;428.871
4773;2023;495.543
4773;2024;562.214
4773;2025;628.886
4774;2015;431.1
4774;2016;0.0
4774;2017;4.0
4774;2018;81.0
4774;2019;75.0
4774;2020;167.7
4774;2021;24.967
4774;2022;111.967
4774;2023;24.967
4774;2024;5.634
4774;2025;92.633
4799;2016;263.4
4799;2017;438.7
4799;2018;594.51
4799;2019;25427.06
4799;2020;880.9
4799;2021;13387.922
4799;2022;16010.258
4799;2023;18632.594
4799;2024;21254.93
4799;2025;23877.266
4912;2020;670.0
4912;2021;670.0
4912;2022;670.0
4912;2023;670.0
4912;2024;670.0
4912;2025;670.0
4921;2015;8028.09
4921;2016;3219.45
4921;2017;2682.81
4921;2018;1508.0
4921;2019;1389.2
4921;2020;1587.6
4921;2021;3069.192
4921;2022;292.905
4921;2023;2722.156
4921;2024;292.905
4921;2025;2479.231
4923;2015;26936.44
4923;2016;23689.18
4923;2017;23564.94
4923;2018;9384.94
4923;2019;8862.61
4923;2020;16707.31
4923;2021;7210.367
4923;2022;4073.071
4923;2023;935.775
4923;2024;13484.959
4923;2025;935.775
4930;2015;5007.9400000000005
4930;2016;1005.8
4930;2017;2681.5
4930;2018;7102.3
4930;2019;11977.6
4930;2020;1475.0
4930;2021;6842.173
4930;2022;7404.216
4930;2023;7966.259
4930;2024;8528.302
4930;2025;9090.345
5011;2016;9.0
5011;2017;0.0
5011;2018;91.1
5011;2021;197.567
5011;2022;238.617
5011;2023;279.667
5011;2024;320.717
5011;2025;361.767
5012;2019;3.8
5012;2020;3.0
5012;2021;2.2
5012;2022;1.4
5012;2023;0.6
5012;2024;2.2
5012;2025;0.6
5111;2015;18722.84
5111;2016;23003.75
5111;2017;12145.1
5111;2018;14498.57
5111;2019;9660.8
5111;2020;2409.6
5111;2021;1482.619
5111;2022;11703.326
5111;2023;1482.619
5111;2024;10567.692
5111;2025;1482.619
5121;2015;0.0
5121;2021;0.0
5121;2022;0.0
5121;2023;0.0
5121;2024;0.0
5121;2025;0.0
5122;2015;0.0
5122;2017;377.5
5122;2018;889.5
5122;2019;322.3
5122;2020;470.0
5122;2021;692.219
5122;2022;779.831
5122;2023;867.443
5122;2024;955.055
5122;2025;1042.667
5210;2015;344.43
5210;2016;1497.5
5210;2017;3040.94
5210;2018;50430.47
5210;2019;9176.8
5210;2020;1293.46
5210;2021;18481.191
5210;2022;20628.979
5210;2023;22776.767
5210;2024;24924.555
5210;2025;27072.343
5221;2020;314.5
5221;2021;314.5
5221;2022;314.5
5221;2023;314.5
5221;2024;314.5
5221;2025;314.5
5222;2015;333.0
5222;2016;307.0
5222;2017;455.4
5222;2018;7383.5
5222;2019;11035.3
5222;2020;4644.0
5222;2021;10093.167
5222;2022;11826.538
5222;2023;13559.91
5222;2024;15293.281
5222;2025;17026.653
5223;2015;639.5
5223;2016;1385.0
5223;2017;2720.5
5223;2018;4791.8
5223;2019;2433.3
5223;2020;2421.39
5223;2021;3811.147
5223;2022;4214.737
5223;2023;4618.327
5223;2024;5021.917
5223;2025;5425.507
5224;2016;2500.0
5224;2017;4803.8
5224;2018;179.2
5224;2019;63.0
5224;2020;235.8
5224;2021;1556.36
5224;2022;1556.36
5224;2023;232.189
5224;2024;1390.839
5224;2025;232.189
5229;2015;676.35
5229;2016;1913.5
5229;2017;2389.32
5229;2018;4267.15
5229;2019;4068.85
5229;2020;1163.5
5229;2021;3491.075
5229;2022;3799.064
5229;2023;4107.054
5229;2024;4415.043
5229;2025;4723.033
5310;2015;45.0
5310;2016;2431.5
5310;2017;1319.06
5310;2018;4709.2
5310;2019;4224.5
5310;2020;2478.5
5310;2021;4628.291
5310;2022;5226.481
5310;2023;5824.671
5310;2024;6422.861
5310;2025;7021.051
5320;2015;341.8
5320;2016;569.6
5320;2017;1472.06
5320;2018;16.82
5320;2021;567.454
5320;2022;560.206
5320;2023;552.958
5320;2024;545.71
5320;2025;538.462
5511;2015;1176.31
5511;2016;2344.0
5511;2017;1739.48
5511;2018;2311.94
5511;2019;1528.5
5511;2020;855.12
5511;2021;1311.226
5511;2022;1211.798
5511;2023;1112.37
5511;2024;1012.941
5511;2025;913.513
5519;2016;612.0
5519;2017;101.0
5519;2018;350.0
5519;2020;25.0
5519;2021;272.0
5519;2022;62.07
5519;2023;3.756
5519;2024;203.689
5519;2025;2.27
5611;2015;1.5
5611;2016;260.0
5611;2017;530.8
5611;2018;112.5
5611;2019;276.9
5611;2020;613.7
5611;2021;568.573
5611;2022;645.527
5611;2023;722.481
5611;2024;799.435
5611;2025;876.389
5612;2017;246.5
5612;2018;194.5
5612;2019;5.0
5612;2020;1289.7
5612;2021;1168.95
5612;2022;1462.96
5612;2023;1756.97
5612;2024;2050.98
5612;2025;2344.99
5613;2015;20.0
5613;2021;20.0
5613;2022;20.0
5613;2023;20.0
5613;2024;20.0
5613;2025;20.0
5621;2019;4.4
5621;2021;4.4
5621;2022;4.4
5621;2023;4.4
5621;2024;4.4
5621;2025;4.4
5629;2020;16.0
5629;2021;16.0
5629;2022;16.0
5629;2023;16.0
5629;2024;16.0
5629;2025;16.0
5813;2015;30.0
5813;2016;0.0
5813;2017;0.0
5813;2018;39.5
5813;2019;100.0
5813;2021;105.7
5813;2022;123.65
5813;2023;141.6
5813;2024;159.55
5813;2025;177.5
6010;2016;41.13
6010;2021;41.13
6010;2022;41.13
6010;2023;41.13
6010;2024;41.13
6010;2025;41.13
6020;2019;2129.3
6020;2020;1197.0
6020;2021;264.7
6020;2022;1197.0
6020;2023;264.7
6020;2024;1010.54
6020;2025;264.7
6110;2015;269.3
6110;2016;398.0
6110;2017;35922.1
6110;2018;24589.5
6110;2019;4230.5
6110;2020;189.5
6110;2021;10909.74
6110;2022;10903.051
6110;2023;10896.363
6110;2024;10889.674
6110;2025;10882.986
6120;2015;1707.0
6120;2016;1629.4
6120;2017;5505.61
6120;2018;1437.24
6120;2019;1126.2
6120;2020;29519.15
6120;2021;20169.045
6120;2022;23982.839
6120;2023;27796.633
6120;2024;31610.427
6120;2025;35424.221
6130;2017;45040.0
6130;2019;3704.0
6130;2020;8361.0
6130;2021;19035.0
6130;2022;19035.0
6130;2023;5481.703
6130;2024;1246.297
6130;2025;14557.571
6190;2015;174846.79
6190;2016;319713.0
6190;2017;1431316.06
6190;2018;4371.3
6190;2019;1307918.22
6190;2020;469259.71
6190;2021;918877.73
6190;2022;1004870.173
6190;2023;1090862.616
6190;2024;1176855.059
6190;2025;1262847.502
6201;2017;2992.0
6201;2018;1841.5
6201;2020;657.86
6201;2021;1830.453
6201;2022;778.433
6201;2023;427.76
6201;2024;77.086
6201;2025;1229.299
6202;2016;2007.0
6202;2017;1665.8
6202;2018;11276.3
6202;2019;23.18
6202;2020;25.5
6202;2021;1317.87
6202;2022;757.308
6202;2023;196.746
6202;2024;2158.713
6202;2025;196.746
6209;2015;4747.2
6209;2016;3051.0
6209;2017;1664.2
6209;2018;11063.98
6209;2019;8138.35
6209;2020;2744.1
6209;2021;6699.438
6209;2022;7117.905
6209;2023;7536.371
6209;2024;7954.838
6209;2025;8373.304
6311;2015;13694.84
6311;2016;15662.95
6311;2017;75974.59
6311;2018;19624.85
6311;2019;17917.53
6311;2020;20211.5
6311;2021;25480.773
6311;2022;24994.982
6311;2023;24509.19
6311;2024;24023.399
6311;2025;23537.607
6399;2017;522.0
6399;2018;183.0
6399;2019;198.0
6399;2020;353.0
6399;2021;191.0
6399;2022;141.8
6399;2023;92.6
6399;2024;43.4
6399;2025;215.6
6411;2015;1124.0
6411;2016;1025.0
6411;2017;142.0
6411;2018;342.85
6411;2019;0.0
6411;2021;526.77
6411;2022;526.77
6411;2023;176.426
6411;2024;102.111
6411;2025;27.795
6412;2018;8126.5
6412;2019;6580.0
6412;2020;7638.5
6412;2021;6960.333
6412;2022;6716.333
6412;2023;6472.333
6412;2024;6228.333
6412;2025;5984.333
6421;2020;91.07
6421;2021;91.07
6421;2022;91.07
6421;2023;91.07
6421;2024;91.07
6421;2025;91.07
6431;2017;3.9
6431;2019;105.5
6431;2020;27.85
6431;2021;78.65
6431;2022;92.75
6431;2023;106.85
6431;2024;120.95
6431;2025;135.05
6432;2020;70.0
6432;2021;70.0
6432;2022;70.0
6432;2023;70.0
6432;2024;70.0
6432;2025;70.0
6495;2017;1359.5
6495;2018;1564.8
6495;2021;2180.7
6495;2022;2386.0
6495;2023;2591.3
6495;2024;2796.6
6495;2025;3001.9
6511;2015;8220.0
6511;2016;8889.0
6511;2017;5922.0
6511;2018;199.0
6511;2019;372.0
6511;2021;4720.4
6511;2022;191.571
6511;2023;4073.424
6511;2024;486.371
6511;2025;3674.863
6512;2015;1052.4
6512;2016;1088.0
6512;2017;1362.2
6512;2018;41.9
6512;2019;1268.0
6512;2020;362.0
6512;2021;439.187
6512;2022;318.264
6512;2023;197.341
6512;2024;76.418
6512;2025;620.571
6521;2015;254.1
6521;2017;10.0
6521;2018;53.0
6521;2021;105.7
6521;2022;26.48
6521;2023;7.84
6521;2024;76.187
6521;2025;8.571
6619;2016;2132.68
6619;2017;5608.42
6619;2018;12289.85
6619;2019;11298.55
6619;2020;10752.72
6619;2021;15295.507
6619;2022;17588.528
6619;2023;19881.549
6619;2024;22174.57
6619;2025;24467.591
6810;2015;265.0
6810;2016;193.2
6810;2017;232.2
6810;2018;307.8
6810;2019;760.2
6810;2020;508.0
6810;2021;676.893
6810;2022;762.367
6810;2023;847.841
6810;2024;933.315
6810;2025;1018.789
6820;2015;3681.9
6820;2016;2922.2
6820;2017;8245.08
6820;2018;7603.5
6820;2019;10458.5
6820;2020;6951.5
6820;2021;10475.312
6820;2022;11570.035
6820;2023;12664.759
6820;2024;13759.482
6820;2025;14854.206
6920;2017;141.8
6920;2018;472.5
6920;2019;622.0
6920;2020;270.0
6920;2021;510.1
6920;2022;563.51
6920;2023;616.92
6920;2024;670.33
6920;2025;723.74
7010;2015;212.0
7010;2017;3621.5
7010;2018;1185.0
7010;2019;1640.9
7010;2020;687.5
7010;2021;1518.63
7010;2022;1534.02
7010;2023;1549.411
7010;2024;1564.801
7010;2025;1580.192
7020;2015;99.0
7020;2017;288.0
7020;2021;666.0
7020;2022;760.5
7020;2023;855.0
7020;2024;949.5
7020;2025;1044.0
7110;2015;5738.07
7110;2016;7026.3
7110;2017;6071.9
7110;2018;2152.05
7110;2019;3618.66
7110;2020;1611.14
7110;2021;891.945
7110;2022;3872.866
7110;2023;891.945
7110;2024;229.518
7110;2025;3210.439
7120;2015;1.2
7120;2016;357.5
7120;2017;348.05
7120;2018;423.79
7120;2019;128.17
7120;2020;230.5
7120;2021;301.627
7120;2022;316.891
7120;2023;332.155
7120;2024;347.42
7120;2025;362.684
7210;2015;1074.83
7210;2016;481.11
7210;2017;782.9
7210;2018;1172.12
7210;2019;808.48
7210;2020;909.86
7210;2021;926.198
7210;2022;941.812
7210;2023;957.426
7210;2024;973.04
7210;2025;988.653
7220;2018;502.25
7220;2019;750.1999999999999
7220;2020;863.0
7220;2021;1065.9
7220;2022;1246.275
7220;2023;1426.65
7220;2024;1607.025
7220;2025;1787.4
7310;2015;0.01
7310;2016;8.9
7310;2018;314.0
7310;2019;15.0
7310;2020;114.0
7310;2021;170.625
7310;2022;194.226
7310;2023;217.827
7310;2024;241.428
7310;2025;265.029
7410;2020;21.0
7410;2021;21.0
7410;2022;21.0
7410;2023;21.0
7410;2024;21.0
7410;2025;21.0
7490;2015;2343.0
7490;2016;344.0
7490;2017;162.7
7490;2018;3496.3
7490;2019;3364.31
7490;2020;2815.15
7490;2021;3563.105
7490;2022;3984.684
7490;2023;4406.264
7490;2024;4827.843
7490;2025;5249.423
7500;2015;13.5
7500;2016;3.2
7500;2019;2.0
7500;2020;12.0
7500;2021;6.532
7500;2022;6.206
7500;2023;5.879
7500;2024;5.553
7500;2025;5.226
7730;2015;2148.0
7730;2016;2271.5
7730;2018;2080.6
7730;2019;896.55
7730;2020;981.0
7730;2021;731.162
7730;2022;453.407
7730;2023;175.652
7730;2024;1217.234
7730;2025;151.757
7820;2016;229.0
7820;2020;144.5
7820;2021;123.375
7820;2022;102.25
7820;2023;81.125
7820;2024;60.0
7820;2025;38.875
7990;2015;4.0
7990;2016;511.5
7990;2017;472.0
7990;2018;97.38
7990;2019;558.62
7990;2020;131.07
7990;2021;335.971
7990;2022;347.459
7990;2023;358.947
7990;2024;370.436
7990;2025;381.924
8010;2015;4010.9
8010;2016;5827.9
8010;2017;5327.9
8010;2018;2726.49
8010;2019;5568.45
8010;2020;5481.21
8010;2021;5220.987
8010;2022;5334.467
8010;2023;5447.947
8010;2024;5561.426
8010;2025;5674.906
8020;2017;79.66
8020;2018;41.99
8020;2021;60.825
8020;2022;53.581
8020;2023;51.408
8020;2024;49.235
8020;2025;47.062
8110;2020;1.0
8110;2021;1.0
8110;2022;1.0
8110;2023;1.0
8110;2024;1.0
8110;2025;1.0
8121;2015;12.0
8121;2017;56.0
8121;2018;3.43
8121;2019;4.3
8121;2020;59.4
8121;2021;39.594
8121;2022;43.521
8121;2023;47.449
8121;2024;51.376
8121;2025;55.304
8129;2015;3227.0
8129;2016;2078.6
8129;2017;893.0
8129;2018;1285.0
8129;2020;644.15
8129;2021;1625.55
8129;2022;547.802
8129;2023;289.142
8129;2024;30.482
8129;2025;1180.081
8220;2019;2875.0
8220;2020;3340.0
8220;2021;3805.0
8220;2022;4270.0
8220;2023;4735.0
8220;2024;5200.0
8220;2025;5665.0
8230;2020;0.0
8230;2021;0.0
8230;2022;0.0
8230;2023;0.0
8230;2024;0.0
8230;2025;0.0
8292;2015;255.0
8292;2016;42.91
8292;2017;856.4399999999999
8292;2018;428.81
8292;2019;65.6
8292;2020;75.8
8292;2021;161.871
8292;2022;125.998
8292;2023;90.125
8292;2024;54.252
8292;2025;18.379
8299;2016;745.0
8299;2017;9510.09
8299;2018;5992.0
8299;2019;11197.5
8299;2020;3678.26
8299;2021;8490.749
8299;2022;9246.142
8299;2023;10001.535
8299;2024;10756.928
8299;2025;11512.321
8412;2015;2327.4
8412;2016;10887.04
8412;2017;5610.61
8412;2018;13509.03
8412;2019;22656.91
8412;2020;20234.31
8412;2021;25811.808
8412;2022;29604.453
8412;2023;33397.098
8412;2024;37189.743
8412;2025;40982.388
8413;2015;320.0
8413;2016;824.2
8413;2017;1406.4
8413;2018;2755.4700000000003
8413;2019;5052.64
8413;2020;2841.1
8413;2021;4863.957
8413;2022;5625.097
8413;2023;6386.237
8413;2024;7147.376
8413;2025;7908.516
8414;2019;2605.5
8414;2020;4480.0
8414;2021;6354.5
8414;2022;8229.0
8414;2023;10103.5
8414;2024;11978.0
8414;2025;13852.5
8415;2016;188.45
8415;2017;126.1
8415;2018;9.0
8415;2019;82.0
8415;2020;166.88
8415;2021;88.314
8415;2022;79.59
8415;2023;70.866
8415;2024;62.142
8415;2025;53.418
8422;2015;142.5
8422;2016;438.0
8422;2017;169.0
8422;2018;637.0
8422;2019;5043.0
8422;2020;2066.28
8422;2021;3806.153
8422;2022;4489.065
8422;2023;5171.976
8422;2024;5854.888
8422;2025;6537.799
8423;2015;877.0
8423;2016;1357.0
8423;2017;27.5
8423;2018;1748.5
8423;2019;918.85
8423;2020;3043.2
8423;2021;2452.43
8423;2022;2773.503
8423;2023;3094.576
8423;2024;3415.649
8423;2025;3736.722
8424;2015;11574.5
8424;2016;4976.6
8424;2017;4938.6
8424;2018;1017.1
8424;2019;6450.6
8424;2020;9687.34
8424;2021;5547.26
8424;2022;5291.966
8424;2023;5036.672
8424;2024;4781.378
8424;2025;4526.083
8430;2015;448.6
8430;2016;1153.1
8430;2017;1461.1
8430;2018;373.5
8430;2019;1071.28
8430;2020;439.23
8430;2021;686.477
8430;2022;647.051
8430;2023;607.625
8430;2024;568.199
8430;2025;528.773
8511;2017;539.2
8511;2018;625.0
8511;2019;60.0
8511;2020;28.6
8511;2021;313.2
8511;2022;313.2
8511;2023;103.52
8511;2024;43.611
8511;2025;253.291
8512;2018;1984.0
8512;2021;1984.0
8512;2022;1984.0
8512;2023;1984.0
8512;2024;1984.0
8512;2025;1984.0
8513;2015;0.7
8513;2016;0.5
8513;2017;2.0
8513;2018;374.5
8513;2019;518.35
8513;2020;1.0
8513;2021;342.263
8513;2022;397.336
8513;2023;452.409
8513;2024;507.482
8513;2025;562.555
8521;2017;236.0
8521;2018;721.0
8521;2019;137.0
8521;2020;196.0
8521;2021;146.5
8521;2022;76.1
8521;2023;5.7
8521;2024;216.9
8521;2025;5.7
8522;2017;3.8
8522;2018;1910.0
8522;2019;723.2
8522;2020;342.2
8522;2021;701.9
8522;2022;684.74
8522;2023;667.58
8522;2024;650.42
8522;2025;633.26
8523;2015;2395.05
8523;2016;10688.66
8523;2017;17703.74
8523;2018;8695.62
8523;2019;39559.23
8523;2020;19145.09
8523;2021;32499.944
8523;2022;37110.052
8523;2023;41720.16
8523;2024;46330.269
8523;2025;50940.377
8530;2015;603.19
8530;2016;810.73
8530;2017;1925.67
8530;2018;395.95
8530;2019;2864.6000000000004
8530;2020;127.3
8530;2021;1346.484
8530;2022;1410.839
8530;2023;1475.195
8530;2024;1539.55
8530;2025;1603.906
8541;2017;1037.0
8541;2018;702.0
8541;2019;186.7
8541;2020;645.1
8541;2021;219.95
8541;2022;50.85
8541;2023;473.6
8541;2024;50.85
8541;2025;420.756
8542;2015;283.0
8542;2016;787.58
8542;2017;571.73
8542;2018;281.3
8542;2019;1492.5
8542;2020;227.0
8542;2021;761.618
8542;2022;805.742
8542;2023;849.866
8542;2024;893.989
8542;2025;938.113
8543;2015;274.33000000000004
8543;2016;4388.5
8543;2017;3343.25
8543;2018;5437.3
8543;2019;1525.6
8543;2020;1753.3
8543;2021;2877.067
8543;2022;2902.787
8543;2023;2928.507
8543;2024;2954.227
8543;2025;2979.947
8544;2015;25745.53
8544;2016;27869.21
8544;2017;99746.45
8544;2018;31697.42
8544;2019;60092.34
8544;2020;25394.15
8544;2021;47777.196
8544;2022;48544.723
8544;2023;49312.251
8544;2024;50079.778
8544;2025;50847.306
8551;2015;126.0
8551;2016;916.87
8551;2017;723.8299999999999
8551;2018;308.71000000000004
8551;2019;3182.9
8551;2020;1197.5
8551;2021;2250.015
8551;2022;2585.457
8551;2023;2920.899
8551;2024;3256.341
8551;2025;3591.783
8552;2015;1842.27
8552;2016;1014.0
8552;2017;3092.48
8552;2018;360.6
8552;2019;1031.0
8552;2020;1241.2
8552;2021;861.635
8552;2022;699.171
8552;2023;536.707
8552;2024;374.243
8552;2025;211.779
8559;2018;474.0
8559;2020;402.0
8559;2021;366.0
8559;2022;330.0
8559;2023;294.0
8559;2024;258.0
8559;2025;222.0
8560;2015;430.7
8560;2016;591.9
8560;2017;66.6
8560;2018;189.2
8560;2019;363.3
8560;2020;21.35
8560;2021;16.18
8560;2022;239.89
8560;2023;16.18
8560;2024;215.033
8560;2025;16.18
8610;2015;33919.99
8610;2016;32166.69
8610;2017;57306.83
8610;2018;45248.68
8610;2019;62837.99
8610;2020;53232.17
8610;2021;65103.723
8610;2022;70147.056
8610;2023;75190.389
8610;2024;80233.722
8610;2025;85277.055
8621;2015;5917.31
8621;2016;8365.14
8621;2017;9564.64
8621;2018;9230.71
8621;2019;10585.38
8621;2020;9812.87
8621;2021;11493.134
8621;2022;12230.408
8621;2023;12967.682
8621;2024;13704.956
8621;2025;14442.23
8622;2015;597.36
8622;2016;522.55
8622;2017;881.33
8622;2018;495.55
8622;2019;411.91
8622;2020;408.81
8622;2021;386.873
8622;2022;339.432
8622;2023;291.99
8622;2024;244.549
8622;2025;197.107
8691;2015;1469.26
8691;2016;3651.59
8691;2017;1766.92
8691;2018;2061.49
8691;2019;2218.9
8691;2020;4954.42
8691;2021;4029.327
8691;2022;4412.821
8691;2023;4796.315
8691;2024;5179.81
8691;2025;5563.304
8692;2015;72.8
8692;2016;4935.4
8692;2017;58.57
8692;2018;265.0
8692;2019;738.1
8692;2020;1810.55
8692;2021;943.731
8692;2022;838.111
8692;2023;732.49
8692;2024;626.87
8692;2025;521.249
8699;2015;1839.09
8699;2016;4002.18
8699;2017;2642.82
8699;2018;3566.76
8699;2019;4155.4
8699;2020;3896.65
8699;2021;4517.623
8699;2022;4851.092
8699;2023;5184.56
8699;2024;5518.029
8699;2025;5851.497
8710;2018;7.0
8710;2019;7.0
8710;2020;0.3
8710;2021;4.767
8710;2022;1.417
8710;2023;0.077
8710;2024;3.427
8710;2025;0.077
8730;2018;5.96
8730;2019;4.75
8730;2020;4.28
8730;2021;3.317
8730;2022;2.477
8730;2023;1.637
8730;2024;0.797
8730;2025;3.317
8790;2015;35.0
8790;2016;95.0
8790;2017;13.0
8790;2018;89.0
8790;2019;96.45
8790;2020;296.52
8790;2021;242.957
8790;2022;282.613
8790;2023;322.269
8790;2024;361.925
8790;2025;401.581
8890;2015;207.3
8890;2016;134.0
8890;2017;13.4
8890;2021;118.233
8890;2022;73.846
8890;2023;64.501
8890;2024;55.157
8890;2025;45.812
9008;2020;34.0
9008;2021;34.0
9008;2022;34.0
9008;2023;34.0
9008;2024;34.0
9008;2025;34.0
9101;2015;389.5
9101;2016;121.0
9101;2017;57.0
9101;2021;189.167
9101;2022;113.053
9101;2023;97.029
9101;2024;81.005
9101;2025;64.981
9102;2017;45.0
9102;2018;837.0
9102;2019;1.5
9102;2020;3.0
9102;2021;221.625
9102;2022;77.4
9102;2023;29.325
9102;2024;173.55
9102;2025;29.325
9103;2015;73.2
9103;2016;250.3
9103;2017;3.0
9103;2018;540.7
9103;2019;1866.9
9103;2020;913.41
9103;2021;1566.773
9103;2022;1840.732
9103;2023;2114.69
9103;2024;2388.649
9103;2025;2662.607
9311;2018;8.0
9311;2019;6.0
9311;2021;2.0
9311;2022;0.0
9311;2023;4.0
9311;2024;0.047
9311;2025;3.341
9312;2016;703.0
9312;2017;467.0
9312;2018;1754.0
9312;2019;1912.0
9312;2020;35.0
9312;2021;1006.9
9312;2022;1017.8
9312;2023;1028.7
9312;2024;1039.6
9312;2025;1050.5
9321;2017;41.0
9321;2018;755.9
9321;2019;733.8000000000001
9321;2020;124.0
9321;2021;470.4
9321;2022;493.09
9321;2023;515.78
9321;2024;538.47
9321;2025;561.16
9329;2015;7186.04
9329;2016;4982.01
9329;2017;9959.759999999998
9329;2018;12593.56
9329;2019;9707.15
9329;2020;4805.12
9329;2021;8696.069
9329;2022;8836.201
9329;2023;8976.333
9329;2024;9116.465
9329;2025;9256.597
9411;2015;168.12
9411;2016;2061.6
9411;2017;371.0
9411;2018;532.8199999999999
9411;2019;689.2
9411;2020;448.8
9411;2021;456.725
9411;2022;383.811
9411;2023;310.897
9411;2024;237.983
9411;2025;165.069
9491;2016;1377.0
9491;2017;94.75
9491;2018;123.7
9491;2019;104.8
9491;2020;11.0
9491;2021;342.25
9491;2022;342.25
9491;2023;342.25
9491;2024;50.612
9491;2025;309.846
9492;2016;3.0
9492;2021;3.0
9492;2022;3.0
9492;2023;3.0
9492;2024;3.0
9492;2025;3.0
9499;2015;1392.36
9499;2016;3731.3
9499;2017;7189.62
9499;2018;23843.2
9499;2019;10488.84
9499;2020;6480.36
9499;2021;15090.9
9499;2022;16872.791
9499;2023;18654.683
9499;2024;20436.574
9499;2025;22218.466
9511;2016;291.8
9511;2017;216.6
9511;2018;213.0
9511;2019;269.0
9511;2020;225.5
9511;2021;219.12
9511;2022;211.1
9511;2023;203.08
9511;2024;195.06
9511;2025;187.04
9512;2016;4182.0
9512;2017;327.0
9512;2019;2094.0
9512;2020;1383.5
9512;2021;847.625
9512;2022;464.625
9512;2023;81.625
9512;2024;1340.054
9512;2025;47.614
9521;2016;40.0
9521;2021;40.0
9521;2022;40.0
9521;2023;40.0
9521;2024;40.0
9521;2025;40.0
9522;2015;18.0
9522;2016;278.0
9522;2017;466.4
9522;2021;1375.133
9522;2022;1599.333
9522;2023;1823.533
9522;2024;2047.733
9522;2025;2271.933
9601;2015;91.5
9601;2016;50.0
9601;2017;49.0
9601;2018;25.35
9601;2019;195.35
9601;2020;234.9
9601;2021;220.623
9601;2022;252.892
9601;2023;285.16
9601;2024;317.429
9601;2025;349.697
9602;2019;16.5
9602;2021;16.5
9602;2022;16.5
9602;2023;16.5
9602;2024;16.5
9602;2025;16.5
9603;2015;160.7
9603;2016;143.0
9603;2017;627.6
9603;2018;758.93
9603;2019;1781.2
9603;2020;403.5
9603;2021;1271.815
9603;2022;1450.67
9603;2023;1629.525
9603;2024;1808.38
9603;2025;1987.235
9609;2015;3573.35
9609;2016;4087.44
9609;2017;5847.19
9609;2018;942.24
9609;2019;1287.67
9609;2020;692.35
9609;2021;2738.373
9609;2022;759.14
9609;2023;264.332
9609;2024;2243.565
9609;2025;264.332
9700;2015;29.000000000000004
9700;2021;29.0
9700;2022;29.0
9700;2023;29.0
9700;2024;29.0
9700;2025;29.0
9900;2018;114.85
9900;2019;21.9
9900;2021;68.375
9900;2022;41.818
9900;2023;31.859
9900;2024;21.9
9900;2025;11.941
