MUNICIPIO;ANNO;Coefficients;Mean squared error;Variance score;
ACACIAS;2021;[1.903];164.05;0.15;15
ACACIAS;2022;[1.90306977];131.24;0.19;19
ACACIAS;2023;[1.90308696];109.37;0.23;23
ACACIAS;2024;[1.90308696];93.75;0.28;28
ACACIAS;2025;[1.90308108];82.03;0.33;33
AGUACHICA;2021;[499.00581395];246713.12;0.78;78
AGUACHICA;2022;[499.00582143];205594.27;0.85;85
AGUACHICA;2023;[499.00583904];176223.66;0.89;89
AGUACHICA;2024;[499.00585775];154195.7;0.92;92
AGUACHICA;2025;[499.005875];137062.85;0.94;94
AGUAZUL;2025;[-6.60084234];654.09;0.42;42
AGUAZUL;2023;[-9.29142857];707.84;0.45;45
AGUAZUL;2024;[-9.29141667];606.72;0.54;54
AGUAZUL;2022;[-14.49534884];589.92;0.55;55
AGUAZUL;2021;[-24.932];86.88;0.95;95
AGUSTIN CODAZZI;2021;[74.05348837];28554.22;0.5;50
AGUSTIN CODAZZI;2022;[74.05353571];23795.19;0.52;52
AGUSTIN CODAZZI;2023;[74.05351027];20395.87;0.62;62
AGUSTIN CODAZZI;2024;[74.05353079];17846.39;0.69;69
AGUSTIN CODAZZI;2025;[74.0535125];15863.46;0.75;75
AIPE;2024;[-382.99637681];5321292.24;0.23;23
AIPE;2025;[-382.99637387];4656130.71;0.28;28
AIPE;2023;[-562.77018634];5755713.57;0.3;30
AIPE;2022;[-877.96511628];5954904.56;0.41;41
AIPE;2021;[-1510.1];5057163.47;0.53;53
ALBAN;2021;[19.05];441.05;0.45;45
ALBAN;2022;[19.05];330.78;0.85;85
ALBAN;2023;[19.05];264.63;0.91;91
ALBAN;2024;[19.05];220.52;0.94;94
ALBAN;2025;[19.05];189.02;0.96;96
ALBANIA;2021;[13442.5];0;1;100
ALBANIA;2022;[13442.5];0;1;100
ALBANIA;2023;[13442.5];0;1;100
ALBANIA;2024;[13442.5];0;1;100
ALBANIA;2025;[13442.5];0;1;100
ALCALA;2021;[0.];0;1;100
ALCALA;2022;[0.];0;1;100
ALCALA;2023;[0.];0;1;100
ALCALA;2024;[0.];0;1;100
ALCALA;2025;[0.];0;1;100
ALVARADO;2021;[0.];0;1;100
ALVARADO;2022;[0.];0;1;100
ALVARADO;2023;[0.];0;1;100
ALVARADO;2024;[0.];0;1;100
ALVARADO;2025;[0.];0;1;100
AMAGA;2021;[-0.15666667];0;1;100
AMAGA;2022;[-0.15673077];0;1;100
AMAGA;2023;[-0.15678571];0;1;100
AMAGA;2024;[-0.15683019];0;1;100
AMAGA;2025;[-0.15686486];0;1;100
AMALFI;2021;[15.45];37.91;0.91;91
AMALFI;2022;[15.45];28.43;0.95;95
AMALFI;2023;[15.45];22.74;0.97;97
AMALFI;2024;[15.45];18.95;0.98;98
AMALFI;2025;[15.45];16.25;0.99;99
ANDALUCIA;2021;[-2.21674419];125.13;0.22;22
ANDALUCIA;2022;[-2.21671429];104.28;0.28;28
ANDALUCIA;2023;[-2.21672603];89.38;0.35;35
ANDALUCIA;2024;[-2.21674947];78.21;0.42;42
ANDALUCIA;2025;[-2.216775];69.52;0.5;50
ANGOSTURA;2021;[-1.616];182.56;0.13;13
ANGOSTURA;2022;[-1.616];146.05;0.16;16
ANGOSTURA;2023;[-1.616];121.71;0.19;19
ANGOSTURA;2024;[-1.616];104.32;0.22;22
ANGOSTURA;2025;[-1.616];91.28;0.27;27
ANORI;2022;[-22.925];1051.11;0.35;35
ANORI;2023;[-22.925];788.33;0.55;55
ANORI;2024;[-22.925];630.67;0.62;62
ANORI;2025;[-22.925];525.56;0.74;74
ANORI;2021;[-91.7];0;1;100
ANSERMANUEVO;2023;[0.];0;0.6;60
ANSERMANUEVO;2021;[0.];0;1;100
ANSERMANUEVO;2022;[0.];0;1;100
ANSERMANUEVO;2024;[0.];0;1;100
ANSERMANUEVO;2025;[0.];0;1;100
APARTADO;2023;[-11.03327397];126638.41;0.11;11
APARTADO;2024;[-11.03325053];110808.61;0.11;11
APARTADO;2025;[-11.033225];98496.54;0.11;11
APARTADO;2021;[-11.03325581];177293.78;0.14;14
APARTADO;2022;[-11.03328571];147744.82;0.16;16
ARACATACA;2021;[-16.57627119];35617.53;0.13;13
ARACATACA;2022;[-16.57628448];28494.02;0.14;14
ARACATACA;2023;[-16.57626471];23745.02;0.16;16
ARACATACA;2024;[-16.57623653];20352.87;0.18;18
ARACATACA;2025;[-16.57620809];17808.76;0.21;21
ARAUCA;2021;[500.97453488];636183.87;0.58;58
ARAUCA;2022;[500.9745];530153.23;0.69;69
ARAUCA;2023;[500.9745274];454417.05;0.77;77
ARAUCA;2024;[500.97450531];397614.92;0.82;82
ARAUCA;2025;[500.97452083];353435.49;0.86;86
ARAUQUITA;2021;[237.98255814];11859710.94;0.12;12
ARAUQUITA;2022;[237.98253571];9883092.45;0.13;13
ARAUQUITA;2023;[237.98256507];8471222.1;0.14;14
ARAUQUITA;2024;[237.9825414];7412319.34;0.15;15
ARAUQUITA;2025;[237.98255417];6588728.3;0.17;17
ARBOLETES;2021;[0.];0;1;100
ARBOLETES;2022;[0.];0;1;100
ARBOLETES;2023;[0.];0;1;100
ARBOLETES;2024;[0.];0;1;100
ARBOLETES;2025;[0.];0;1;100
ARJONA;2021;[58.89883721];43632.86;0.31;31
ARJONA;2022;[58.89885714];36360.72;0.41;41
ARJONA;2024;[58.89889384];27270.54;0.48;48
ARJONA;2023;[58.89887671];31166.33;0.5;50
ARJONA;2025;[58.89890833];24240.48;0.56;56
ARMENIA;2021;[913.73686047];1688894.68;0.63;63
ARMENIA;2022;[913.73689286];1407412.24;0.73;73
ARMENIA;2023;[913.73691438];1206353.35;0.8;80
ARMENIA;2024;[913.73692994];1055559.18;0.85;85
ARMENIA;2025;[913.73694167];938274.82;0.89;89
ARMERO GUAYABAL;2024;[-4.5874];143.11;0.33;33
ARMERO GUAYABAL;2022;[-9.175];168.36;0.35;35
ARMERO GUAYABAL;2025;[-4.58745714];119.26;0.44;44
ARMERO GUAYABAL;2023;[-9.175];126.27;0.55;55
ARMERO GUAYABAL;2021;[-36.7];0;1;100
AYAPEL;2021;[0.];0;1;100
AYAPEL;2022;[0.];0;1;100
AYAPEL;2023;[0.];0;1;100
AYAPEL;2024;[0.];0;1;100
AYAPEL;2025;[0.];0;1;100
BAHIA SOLANO;2021;[110.66666667];0;1;100
BAHIA SOLANO;2022;[110.66673077];0;1;100
BAHIA SOLANO;2023;[110.66678571];0;1;100
BAHIA SOLANO;2024;[110.66683019];0;1;100
BAHIA SOLANO;2025;[110.66686486];0;1;100
BALBOA;2021;[-71.29883721];636768.54;0.13;13
BALBOA;2022;[-71.29885714];530640.45;0.14;14
BALBOA;2023;[-71.29887671];454834.67;0.16;16
BALBOA;2024;[-71.29889384];397980.34;0.19;19
BALBOA;2025;[-71.29890833];353760.3;0.21;21
BARANOA;2021;[9.28571429];427.17;0.5;50
BARANOA;2022;[9.28566265];320.38;0.58;58
BARANOA;2023;[9.28567123];256.3;0.66;66
BARANOA;2024;[9.2857];213.59;0.73;73
BARANOA;2025;[9.28567021];183.07;0.78;78
BARBOSA;2021;[682.78209302];435391.33;0.79;79
BARBOSA;2022;[682.78214286];362826.11;0.86;86
BARBOSA;2023;[682.78215068];310993.8;0.9;90
BARBOSA;2024;[682.78214437];272119.58;0.93;93
BARBOSA;2025;[682.78213333];241884.07;0.94;94
BARRANCA DE UPIA;2021;[-9.];0;1;100
BARRANCA DE UPIA;2022;[-9.];0;1;100
BARRANCA DE UPIA;2023;[-9.];0;1;100
BARRANCA DE UPIA;2024;[-9.];0;1;100
BARRANCA DE UPIA;2025;[-9.];0;1;100
BARRANCABERMEJA;2021;[11049.64139535];109795977.3;0.79;79
BARRANCABERMEJA;2022;[11049.64139286];91496647.73;0.86;86
BARRANCABERMEJA;2023;[11049.64135959];78425698.05;0.9;90
BARRANCABERMEJA;2024;[11049.64138641];68622485.8;0.93;93
BARRANCABERMEJA;2025;[11049.64137917];60997765.15;0.95;95
BARRANQUILLA;2021;[-11703.15872093];2097908809;0.28;28
BARRANQUILLA;2025;[-6102.361275];1469310136;0.28;28
BARRANQUILLA;2024;[-8291.95590021];1519356927;0.35;35
BARRANQUILLA;2022;[-11703.15867857];1748257341;0.37;37
BARRANQUILLA;2023;[-11703.15868836];1498506292;0.45;45
BELALCAZAR;2021;[0.];0;1;100
BELALCAZAR;2022;[0.];0;1;100
BELALCAZAR;2023;[0.];0;1;100
BELALCAZAR;2024;[0.];0;1;100
BELALCAZAR;2025;[0.];0;1;100
BELEN DE UMBRIA;2021;[0.];0;1;100
BELEN DE UMBRIA;2022;[0.];0;1;100
BELEN DE UMBRIA;2023;[0.];0;1;100
BELEN DE UMBRIA;2024;[0.];0;1;100
BELEN DE UMBRIA;2025;[0.];0;1;100
BELLO;2021;[8831.30465116];379404757.4;0.51;51
BELLO;2022;[8831.30467857];316170631.2;0.54;54
BELLO;2023;[8831.30471575];271003398.2;0.63;63
BELLO;2024;[8831.30468577];237127973.4;0.71;71
BELLO;2025;[8831.3046875];210780420.8;0.77;77
BOAVITA;2021;[0.];0;1;100
BOAVITA;2022;[0.];0;1;100
BOAVITA;2023;[0.];0;1;100
BOAVITA;2024;[0.];0;1;100
BOAVITA;2025;[0.];0;1;100
BOGOTA, D.C.;2021;[120253.25848837];3.97114E+11;0.21;21
BOGOTA, D.C.;2022;[120253.25853571];3.30928E+11;0.27;27
BOGOTA, D.C.;2023;[120253.25851027];2.83653E+11;0.33;33
BOGOTA, D.C.;2024;[120253.25853079];2.48196E+11;0.4;40
BOGOTA, D.C.;2025;[120253.2585125];2.20619E+11;0.47;47
BOJACA;2021;[-0.077];128.49;0.6;60
BOJACA;2022;[-0.07706977];102.79;0.6;60
BOJACA;2023;[-0.07708696];85.66;0.6;60
BOJACA;2024;[-0.07708696];73.42;0.6;60
BOJACA;2025;[-0.07708108];64.24;0.6;60
BOLIVAR;2024;[-14.17579618];8051.96;0.26;26
BOLIVAR;2025;[-14.17579583];7157.3;0.3;30
BOLIVAR;2023;[-20.00753425];8506.93;0.32;32
BOLIVAR;2022;[-29.80714286];8561.63;0.43;43
BOLIVAR;2021;[-48.52325581];7149.86;0.53;53
BRICENO;2021;[329.9];0;1;100
BRICENO;2022;[329.9];0;1;100
BRICENO;2023;[329.9];0;1;100
BRICENO;2024;[329.9];0;1;100
BRICENO;2025;[329.9];0;1;100
BUCARAMANGA;2021;[518.14534884];3335698.35;0.32;32
BUCARAMANGA;2022;[518.14532143];2779748.62;0.41;41
BUCARAMANGA;2023;[518.14528425];2382641.68;0.5;50
BUCARAMANGA;2024;[518.14531423];2084811.47;0.5;50
BUCARAMANGA;2025;[518.1453125];1853165.75;0.56;56
BUENAVENTURA;2021;[915.04674419];14183429.89;0.27;27
BUENAVENTURA;2022;[915.04671429];11819524.91;0.35;35
BUENAVENTURA;2023;[915.04672603];10131021.35;0.43;43
BUENAVENTURA;2025;[915.046775];7879683.27;0.5;50
BUENAVENTURA;2024;[915.04674947];8864643.68;0.51;51
BUENAVISTA;2021;[0.];0;1;100
BUENAVISTA;2022;[0.];0;1;100
BUENAVISTA;2023;[0.];0;1;100
BUENAVISTA;2024;[0.];0;1;100
BUENAVISTA;2025;[0.];0;1;100
BUESACO;2021;[0.];0;1;100
BUESACO;2022;[0.];0;1;100
BUESACO;2023;[0.];0;1;100
BUESACO;2024;[0.];0;1;100
BUESACO;2025;[0.];0;1;100
BUGA;2021;[0.];0;1;100
BUGA;2022;[0.];0;1;100
BUGA;2023;[-1.80576232e-27];0;1;100
BUGA;2024;[0.];0;1;100
BUGA;2025;[0.];0;1;100
BUGALAGRANDE;2024;[-3.64645];174.5;0.44;44
BUGALAGRANDE;2025;[-3.64645213];149.58;0.51;51
BUGALAGRANDE;2023;[-4.99515753];170.06;0.56;56
BUGALAGRANDE;2022;[-7.02936145];138.4;0.65;65
BUGALAGRANDE;2021;[-10.41857143];19.75;0.96;96
CABUYARO;2021;[-13.13953488];14655.69;0.14;14
CABUYARO;2022;[-13.1395];12213.08;0.16;16
CABUYARO;2023;[-13.1395274];10468.35;0.19;19
CABUYARO;2024;[-13.13950531];9159.81;0.22;22
CABUYARO;2025;[-13.13952083];8142.05;0.26;26
CACERES;2021;[0.];0;1;100
CACERES;2022;[0.];0;1;100
CACERES;2023;[0.];0;1;100
CACERES;2024;[0.];0;1;100
CACERES;2025;[0.];0;1;100
CAICEDONIA;2022;[-7.075];100.11;0.35;35
CAICEDONIA;2025;[-4.04285714];85.81;0.46;46
CAICEDONIA;2023;[-7.075];75.08;0.55;55
CAICEDONIA;2024;[-7.075];60.07;0.62;62
CAICEDONIA;2021;[-28.3];0;1;100
CAJAMARCA;2025;[-11.970125];886.18;0.52;52
CAJAMARCA;2024;[-16.39745205];639.45;0.71;71
CAJAMARCA;2021;[-23.075];0;1;100
CAJAMARCA;2022;[-23.075];0;1;100
CAJAMARCA;2023;[-23.075];0;1;100
CAJICA;2021;[643.52662791];1999825.64;0.52;52
CAJICA;2022;[643.52664286];1666521.37;0.54;54
CAJICA;2023;[643.52667808];1428446.89;0.63;63
CAJICA;2024;[643.52664968];1249891.03;0.71;71
CAJICA;2025;[643.52665417];1111014.25;0.77;77
CALARCA;2021;[-0.97692308];80.42;0.13;13
CALARCA;2022;[-0.97692308];60.31;0.18;18
CALARCA;2023;[-0.97693011];48.25;0.23;23
CALARCA;2024;[-0.9769375];40.21;0.27;27
CALARCA;2025;[-0.97694444];34.47;0.32;32
CALDAS;2021;[281.58151163];657846.08;0.39;39
CALDAS;2022;[281.58146429];548205.07;0.5;50
CALDAS;2023;[281.58148973];469890.06;0.5;50
CALDAS;2024;[281.58146921];411153.8;0.59;59
CALDAS;2025;[281.5814875];365470.05;0.66;66
CALI;2021;[3847.93697674];68567292.17;0.53;53
CALI;2022;[3847.93696429];57139410.14;0.55;55
CALI;2023;[3847.93696233];48976637.26;0.64;64
CALI;2024;[3847.93696391];42854557.61;0.72;72
CALI;2025;[3847.93696667];38092940.09;0.78;78
CALIFORNIA;2021;[0.];0;1;100
CALIFORNIA;2022;[0.];0;1;100
CALIFORNIA;2023;[0.];0;1;100
CALIFORNIA;2024;[0.];0;1;100
CALIFORNIA;2025;[0.];0;1;100
CALIMA;2021;[89.];0;1;100
CALIMA;2022;[89.];0;1;100
CALIMA;2023;[89.];0;1;100
CALIMA;2024;[89.];0;1;100
CALIMA;2025;[89.];0;1;100
CALOTO;2021;[-55.54767442];82089.16;0.21;21
CALOTO;2022;[-55.54771429];68407.64;0.27;27
CALOTO;2023;[-55.54775342];58635.12;0.34;34
CALOTO;2024;[-55.54772187];51305.73;0.41;41
CALOTO;2025;[-55.54772083];45605.09;0.48;48
CAMPOALEGRE;2021;[-4.99857143];289.46;0.22;22
CAMPOALEGRE;2022;[-4.99857143];217.09;0.3;30
CAMPOALEGRE;2023;[-4.99863514];173.68;0.4;40
CAMPOALEGRE;2024;[-4.99858571];144.73;0.5;50
CAMPOALEGRE;2025;[-4.99860246];124.05;0.5;50
CANASGORDAS;2021;[10.1975];550127.07;0.6;60
CANASGORDAS;2022;[10.1975];412595.3;0.6;60
CANASGORDAS;2023;[10.19754878];330076.24;0.6;60
CANASGORDAS;2024;[10.19752632];275063.54;0.6;60
CANASGORDAS;2025;[10.19754405];235768.75;0.6;60
CANDELARIA;2021;[271.78255814];359545.84;0.51;51
CANDELARIA;2022;[271.78253571];299621.54;0.53;53
CANDELARIA;2023;[271.78256507];256818.46;0.63;63
CANDELARIA;2024;[271.7825414];224716.15;0.71;71
CANDELARIA;2025;[271.78255417];199747.69;0.77;77
CAQUEZA;2021;[0.];0;1;100
CAQUEZA;2022;[0.];0;1;100
CAQUEZA;2023;[0.];0;1;100
CAQUEZA;2024;[0.];0;1;100
CAQUEZA;2025;[0.];0;1;100
CARACOLI;2025;[-1.60640957];8.07;0.71;71
CARACOLI;2021;[-2.15714286];2.99;0.88;88
CARACOLI;2022;[-2.15716867];2.24;0.92;92
CARACOLI;2023;[-2.15716438];1.79;0.94;94
CARACOLI;2024;[-2.15715];1.49;0.95;95
CAREPA;2022;[-82.07222892];448681.53;0.17;17
CAREPA;2023;[-82.07219588];358945.22;0.23;23
CAREPA;2024;[-82.07217241];299121.02;0.28;28
CAREPA;2025;[-82.07215288];256389.44;0.33;33
CAREPA;2021;[-851.5];161463.5;0.75;75
CARMEN DE VIBORAL;2021;[0.];0;1;100
CARMEN DE VIBORAL;2022;[0.];0;1;100
CARMEN DE VIBORAL;2023;[0.];0;1;100
CARMEN DE VIBORAL;2024;[0.];0;1;100
CARMEN DE VIBORAL;2025;[0.];0;1;100
CAROLINA;2021;[0.];0;1;100
CAROLINA;2022;[0.];0;1;100
CAROLINA;2023;[1.73456529e-28];0;1;100
CAROLINA;2024;[0.];0;1;100
CAROLINA;2025;[0.];0;1;100
CARTAGENA;2021;[0.];0;1;100
CARTAGENA;2022;[0.];0;1;100
CARTAGENA;2023;[0.];0;1;100
CARTAGENA;2024;[0.];0;1;100
CARTAGENA;2025;[0.];0;1;100
CARTAGENA DE INDIAS;2021;[19885.84];2240580099;0.41;41
CARTAGENA DE INDIAS;2022;[19885.84];1792464079;0.53;53
CARTAGENA DE INDIAS;2023;[19885.84];1493720066;0.54;54
CARTAGENA DE INDIAS;2024;[19885.84];1280331485;0.63;63
CARTAGENA DE INDIAS;2025;[19885.84];1120290049;0.71;71
CARTAGO;2021;[272.02790698];762775.68;0.35;35
CARTAGO;2022;[272.02785714];635646.4;0.45;45
CARTAGO;2024;[272.02785563];476734.8;0.53;53
CARTAGO;2023;[272.02784932];544839.77;0.55;55
CARTAGO;2025;[272.02786667];423764.27;0.61;61
CASTILLA LA NUEVA;2021;[0.];0;1;100
CASTILLA LA NUEVA;2022;[0.];0;1;100
CASTILLA LA NUEVA;2023;[0.];0;1;100
CASTILLA LA NUEVA;2024;[0.];0;1;100
CASTILLA LA NUEVA;2025;[0.];0;1;100
CAUCASIA;2021;[563.93209302];1316490.91;0.55;55
CAUCASIA;2022;[563.93214286];1097075.76;0.57;57
CAUCASIA;2023;[563.93215068];940350.65;0.67;67
CAUCASIA;2024;[563.93214437];822806.82;0.74;74
CAUCASIA;2025;[563.93213333];731383.84;0.79;79
CERETE;2021;[51.13662791];53444.13;0.24;24
CERETE;2022;[51.13664286];44536.78;0.32;32
CERETE;2023;[51.13667808];38174.38;0.39;39
CERETE;2024;[51.13664968];33402.58;0.47;47
CERETE;2025;[51.13665417];29691.18;0.54;54
CHAPARRAL;2021;[-2.61546512];31.38;0.53;53
CHAPARRAL;2022;[-2.6155];26.15;0.55;55
CHAPARRAL;2023;[-2.6154726];22.41;0.65;65
CHAPARRAL;2024;[-2.61549469];19.61;0.72;72
CHAPARRAL;2025;[-2.61547917];17.43;0.78;78
CHIA;2021;[-492.28976744];1271513.99;0.5;50
CHIA;2022;[-492.28975];1059595;0.52;52
CHIA;2023;[-492.2897637];908224.28;0.61;61
CHIA;2024;[-492.28978556];794696.25;0.69;69
CHIA;2025;[-492.28980833];706396.66;0.75;75
CHIGORODO;2021;[0.];0;1;100
CHIGORODO;2022;[0.];0;1;100
CHIGORODO;2023;[0.];0;1;100
CHIGORODO;2024;[0.];0;1;100
CHIGORODO;2025;[0.];0;1;100
CHINCHINA;2023;[-76.94603425];61537.43;0.46;46
CHINCHINA;2021;[-114.63395349];61958.63;0.52;52
CHINCHINA;2025;[-76.94600417];47862.44;0.52;52
CHINCHINA;2022;[-114.63392857];51632.19;0.54;54
CHINCHINA;2024;[-76.94601486];53845.25;0.55;55
CHIPAQUE;2025;[-2.27217297];25.21;0.51;51
CHIPAQUE;2024;[-2.27219811];30.26;0.52;52
CHIPAQUE;2022;[-3.44076923];31.67;0.52;52
CHIPAQUE;2023;[-3.44071429];23.75;0.64;64
CHIPAQUE;2021;[-6.62666667];0;1;100
CHIQUINQUIRA;2021;[-18.11313953];6777.04;0.24;24
CHIQUINQUIRA;2022;[-18.11310714];5647.53;0.31;31
CHIQUINQUIRA;2023;[-18.11308562];4840.74;0.39;39
CHIQUINQUIRA;2024;[-18.11307006];4235.65;0.46;46
CHIQUINQUIRA;2025;[-18.11305833];3765.02;0.54;54
CHITA;2021;[0.];0;1;100
CHITA;2022;[0.];0;1;100
CHITA;2023;[0.];0;1;100
CHITA;2024;[0.];0;1;100
CHITA;2025;[0.];0;1;100
CHOCONTA;2021;[0.];0;1;100
CHOCONTA;2022;[0.];0;1;100
CHOCONTA;2023;[0.];0;1;100
CHOCONTA;2024;[0.];0;1;100
CHOCONTA;2025;[0.];0;1;100
CIENAGA;2021;[690.69069767];310735.47;0.84;84
CIENAGA;2022;[690.69075];258946.22;0.9;90
CIENAGA;2023;[690.6907089];221953.91;0.93;93
CIENAGA;2024;[690.69070913];194209.67;0.95;95
CIENAGA;2025;[690.690725];172630.82;0.96;96
CIENAGA DE ORO;2021;[147.76785714];355.37;0.99;99
CIENAGA DE ORO;2022;[147.76785714];266.53;0.99;99
CIENAGA DE ORO;2023;[147.76787838];213.22;1;100
CIENAGA DE ORO;2024;[147.7679];177.68;1;100
CIENAGA DE ORO;2025;[147.76791803];152.3;1;100
CIMITARRA;2021;[-23.97034884];52678.17;0.14;14
CIMITARRA;2022;[-23.97032143];43898.48;0.16;16
CIMITARRA;2023;[-23.97028425];37627.27;0.18;18
CIMITARRA;2024;[-23.97031423];32923.86;0.21;21
CIMITARRA;2025;[-23.9703125];29265.65;0.25;25
CISNEROS;2021;[30.02857143];67976.09;0.16;16
CISNEROS;2022;[30.02853012];50982.07;0.18;18
CISNEROS;2023;[30.02855479];40785.66;0.21;21
CISNEROS;2024;[30.028525];33988.05;0.25;25
CISNEROS;2025;[30.02853989];29132.61;0.29;29
CLEMENCIA;2024;[-24.5];1200.5;0.5;50
CLEMENCIA;2025;[-24.5];1000.42;0.64;64
CLEMENCIA;2021;[-49.];0;1;100
CLEMENCIA;2022;[-49.];0;1;100
CLEMENCIA;2023;[-49.];0;1;100
COELLO;2022;[-2.0875];34.86;0.35;35
COELLO;2023;[-2.08757627];26.15;0.48;48
COELLO;2024;[-2.08753448];20.92;0.5;50
COELLO;2025;[-2.08755882];17.43;0.59;59
COELLO;2021;[-8.35];0;1;100
COGUA;2021;[51.30882353];8544.77;0.57;57
COGUA;2022;[51.30883582];6835.81;0.67;67
COGUA;2023;[51.30885408];5696.51;0.75;75
COGUA;2024;[51.30887234];4882.72;0.81;81
COGUA;2025;[51.30888889];4272.38;0.85;85
COLOMBIA;2021;[3.75];0;1;100
COLOMBIA;2022;[3.75];0;1;100
COLOMBIA;2023;[3.75];0;1;100
COLOMBIA;2024;[3.75];0;1;100
COLOMBIA;2025;[3.75];0;1;100
COPACABANA;2021;[-775.69953488];3448274.04;0.48;48
COPACABANA;2022;[-775.6995];2873561.7;0.5;50
COPACABANA;2023;[-775.6995274];2463052.89;0.59;59
COPACABANA;2024;[-775.69950531];2155171.28;0.67;67
COPACABANA;2025;[-775.69952083];1915707.8;0.74;74
CORDOBA;2021;[0.];0;1;100
CORDOBA;2022;[0.];0;1;100
CORDOBA;2023;[0.];0;1;100
CORDOBA;2024;[0.];0;1;100
CORDOBA;2025;[0.];0;1;100
COROZAL;2021;[0.];0;1;100
COROZAL;2022;[0.];0;1;100
COROZAL;2023;[0.];0;1;100
COROZAL;2024;[0.];0;1;100
COROZAL;2025;[0.];0;1;100
COTA;2021;[1560.06767442];1077203.26;0.89;89
COTA;2022;[1560.06771429];897669.39;0.93;93
COTA;2023;[1560.06775342];769430.9;0.95;95
COTA;2024;[1560.06772187];673252.04;0.96;96
COTA;2025;[1560.06772083];598446.26;0.97;97
CUCUNUBA;2021;[0.];0;1;100
CUCUNUBA;2022;[0.];0;1;100
CUCUNUBA;2023;[0.];0;1;100
CUCUNUBA;2024;[0.];0;1;100
CUCUNUBA;2025;[0.];0;1;100
CUCUTA;2021;[7945.09430233];98890830.87;0.69;69
CUCUTA;2022;[7945.09425];82409025.72;0.78;78
CUCUTA;2023;[7945.0942089];70636307.76;0.84;84
CUCUTA;2024;[7945.09417622];61806769.29;0.88;88
CUCUTA;2025;[7945.09415];54939350.48;0.91;91
CUMBAL;2021;[14.3];203.28;0.61;61
CUMBAL;2022;[14.3];152.46;0.75;75
CUMBAL;2023;[14.3];121.97;0.83;83
CUMBAL;2024;[14.3];101.64;0.89;89
CUMBAL;2025;[14.3];87.12;0.92;92
DABEIBA;2021;[0.];0;1;100
DABEIBA;2022;[0.];0;1;100
DABEIBA;2023;[0.];0;1;100
DABEIBA;2024;[0.];0;1;100
DABEIBA;2025;[0.];0;1;100
DAGUA;2021;[-35.92307692];232661.54;0.12;12
DAGUA;2022;[-35.92307692];174496.15;0.14;14
DAGUA;2023;[-35.92306989];139596.92;0.16;16
DAGUA;2024;[-35.9230625];116330.77;0.19;19
DAGUA;2025;[-35.92305556];99712.09;0.22;22
DIBULLA;2021;[401.77244186];666210.3;0.55;55
DIBULLA;2022;[401.77246429];555175.25;0.58;58
DIBULLA;2023;[401.77243493];475864.5;0.67;67
DIBULLA;2024;[401.7724586];416381.44;0.74;74
DIBULLA;2025;[401.77244583];370116.83;0.79;79
DONMATIAS;2021;[-54.637];259874.03;0.13;13
DONMATIAS;2022;[-54.63706977];207899.22;0.15;15
DONMATIAS;2023;[-54.63708696];173249.35;0.17;17
DONMATIAS;2024;[-54.63708696];148499.45;0.2;20
DONMATIAS;2025;[-54.63708108];129937.01;0.24;24
DOS QUEBRADAS;2021;[0.];0;1;100
DOS QUEBRADAS;2022;[0.];0;1;100
DOS QUEBRADAS;2023;[0.];0;1;100
DOS QUEBRADAS;2024;[0.];0;1;100
DOS QUEBRADAS;2025;[0.];0;1;100
DOSQUEBRADAS;2021;[10634.283];76225855.56;0.79;79
DOSQUEBRADAS;2022;[10634.28293023];60980684.45;0.86;86
DOSQUEBRADAS;2023;[10634.28291304];50817237.04;0.91;91
DOSQUEBRADAS;2024;[10634.28291304];43557631.75;0.94;94
DOSQUEBRADAS;2025;[10634.28291892];38112927.78;0.95;95
DUITAMA;2021;[2896.69406977];27923787.65;0.51;51
DUITAMA;2022;[2896.69410714];23269823.04;0.63;63
DUITAMA;2023;[2896.69411301];19945562.6;0.71;71
DUITAMA;2024;[2896.69410828];17452367.28;0.78;78
DUITAMA;2025;[2896.6941];15513215.36;0.83;83
EL BAGRE;2023;[-377.98638356];3337514.27;0.3;30
EL BAGRE;2024;[-377.9864034];2920324.99;0.36;36
EL BAGRE;2022;[-563.12257143];3407246.28;0.4;40
EL BAGRE;2025;[-377.98639167];2595844.43;0.43;43
EL BAGRE;2021;[-916.71116279];2973658.72;0.5;50
EL CAIRO;2021;[0.];0;1;100
EL CAIRO;2022;[0.];0;1;100
EL CAIRO;2023;[0.];0;1;100
EL CAIRO;2024;[0.];0;1;100
EL CAIRO;2025;[0.];0;1;100
EL CARMEN DE ATRATO;2021;[0.];0;1;100
EL CARMEN DE ATRATO;2022;[0.];0;1;100
EL CARMEN DE ATRATO;2023;[-4.33641324e-29];0;1;100
EL CARMEN DE ATRATO;2024;[0.];0;1;100
EL CARMEN DE ATRATO;2025;[0.];0;1;100
EL CARMEN DE BOLIVAR;2021;[0.];0;1;100
EL CARMEN DE BOLIVAR;2022;[0.];0;1;100
EL CARMEN DE BOLIVAR;2023;[0.];0;1;100
EL CARMEN DE BOLIVAR;2024;[0.];0;1;100
EL CARMEN DE BOLIVAR;2025;[0.];0;1;100
EL CARMEN DE VIBORAL;2021;[17.005];489.45;0.63;63
EL CARMEN DE VIBORAL;2022;[17.005];367.09;0.77;77
EL CARMEN DE VIBORAL;2023;[17.005];293.67;0.84;84
EL CARMEN DE VIBORAL;2024;[17.005];244.73;0.88;88
EL CARMEN DE VIBORAL;2025;[17.005];209.77;0.91;91
EL CERRITO;2022;[-47.15691176];33672.13;0.32;32
EL CERRITO;2023;[-47.15691791];26937.7;0.41;41
EL CERRITO;2024;[-47.15692704];22448.08;0.5;50
EL CERRITO;2021;[-92.5];32779.5;0.53;53
EL CERRITO;2025;[-47.15693617];19241.21;0.57;57
EL PASO;2021;[2154.02325581];2303443.9;0.87;87
EL PASO;2022;[2154.02328571];1919536.59;0.92;92
EL PASO;2023;[2154.02327397];1645317.07;0.94;94
EL PASO;2024;[2154.02325053];1439652.44;0.96;96
EL PASO;2025;[2154.023225];1279691.06;0.97;97
EL PLAYON;2023;[-5.57151553];447.41;0.34;34
EL PLAYON;2024;[-5.57150362];383.49;0.41;41
EL PLAYON;2022;[-8.69193023];443.59;0.47;47
EL PLAYON;2025;[-5.57153153];335.56;0.5;50
EL PLAYON;2021;[-14.95];320.6;0.64;64
EL RETEN;2021;[54.];0;1;100
EL RETEN;2022;[54.];0;1;100
EL RETEN;2023;[54.];0;1;100
EL RETEN;2024;[54.];0;1;100
EL RETEN;2025;[54.];0;1;100
EL ROSAL;2021;[-1.4377907];23601.39;0.6;60
EL ROSAL;2022;[-1.43778571];19667.83;0.6;60
EL ROSAL;2023;[-1.43780137];16858.14;0.6;60
EL ROSAL;2024;[-1.43782166];14750.87;0.6;60
EL ROSAL;2025;[-1.43784167];13111.88;0.6;60
EL SANTUARIO;2021;[750.28571429];491530.98;0.64;64
EL SANTUARIO;2022;[750.28571429];368648.23;0.77;77
EL SANTUARIO;2023;[750.28575676];294918.59;0.85;85
EL SANTUARIO;2024;[750.2858];245765.49;0.9;90
EL SANTUARIO;2025;[750.28583607];210656.13;0.93;93
EL TAMBO;2021;[0.];0;1;100
EL TAMBO;2022;[0.];0;1;100
EL TAMBO;2023;[0.];0;1;100
EL TAMBO;2024;[0.];0;1;100
EL TAMBO;2025;[0.];0;1;100
EL TARRA;2022;[-0.96379518];61.85;0.17;17
EL TARRA;2023;[-0.96376804];49.48;0.23;23
EL TARRA;2024;[-0.96377586];41.23;0.28;28
EL TARRA;2025;[-0.96379137];35.34;0.33;33
EL TARRA;2021;[-10.];22.22;0.75;75
ENTRERRIOS;2021;[12.67860465];713.2;0.54;54
ENTRERRIOS;2022;[12.67860714];594.33;0.56;56
ENTRERRIOS;2023;[12.67864041];509.43;0.65;65
ENTRERRIOS;2024;[12.67861359];445.75;0.73;73
ENTRERRIOS;2025;[12.67862083];396.22;0.78;78
ENVIGADO;2021;[2069.07651163];16084375.76;0.48;48
ENVIGADO;2022;[2069.07646429];13403646.47;0.6;60
ENVIGADO;2023;[2069.07648973];11488839.83;0.69;69
ENVIGADO;2024;[2069.07646921];10052734.85;0.76;76
ENVIGADO;2025;[2069.0764875];8935764.31;0.81;81
ESPINAL;2021;[400.34523256];1497438.3;0.37;37
ESPINAL;2022;[400.34525];1247865.25;0.47;47
ESPINAL;2024;[400.34521444];935898.94;0.56;56
ESPINAL;2023;[400.3452363];1069598.79;0.57;57
ESPINAL;2025;[400.34519167];831910.17;0.63;63
FACATATIVA;2021;[-4.23406977];476101.19;0.6;60
FACATATIVA;2022;[-4.23410714];396750.99;0.6;60
FACATATIVA;2023;[-4.23411301];340072.28;0.6;60
FACATATIVA;2024;[-4.23410828];297563.24;0.6;60
FACATATIVA;2025;[-4.2341];264500.66;0.6;60
FALAN;2021;[0.];0;1;100
FALAN;2022;[0.];0;1;100
FALAN;2023;[0.];0;1;100
FALAN;2024;[0.];0;1;100
FALAN;2025;[0.];0;1;100
FIRAVITOBA;2023;[-6.88];88.75;0.5;50
FIRAVITOBA;2024;[-6.88];71;0.57;57
FIRAVITOBA;2025;[-6.88];59.17;0.7;70
FIRAVITOBA;2021;[-17.2];0;1;100
FIRAVITOBA;2022;[-17.2];0;1;100
FLANDES;2021;[0.];0;1;100
FLANDES;2022;[0.];0;1;100
FLANDES;2023;[0.];0;1;100
FLANDES;2024;[0.];0;1;100
FLANDES;2025;[0.];0;1;100
FLORENCIA;2021;[96.47142857];5976.21;0.71;71
FLORENCIA;2022;[96.47142857];4482.16;0.82;82
FLORENCIA;2023;[96.47136486];3585.73;0.88;88
FLORENCIA;2024;[96.47141429];2988.11;0.92;92
FLORENCIA;2025;[96.47139754];2561.23;0.95;95
FLORIDA;2025;[-37.24559836];23960.17;0.32;32
FLORIDA;2021;[-87.72142857];34063.22;0.36;36
FLORIDA;2024;[-55.64038571];23973.28;0.43;43
FLORIDA;2022;[-87.72142857];25547.41;0.5;50
FLORIDA;2023;[-87.72136486];20437.93;0.53;53
FLORIDABLANCA;2021;[83.60162791];47315.31;0.44;44
FLORIDABLANCA;2022;[83.60164286];39429.43;0.55;55
FLORIDABLANCA;2023;[83.60167808];33796.65;0.55;55
FLORIDABLANCA;2024;[83.60164968];29572.07;0.63;63
FLORIDABLANCA;2025;[83.60165417];26286.29;0.7;70
FONSECA;2021;[18.848];9920.55;0.18;18
FONSECA;2022;[18.848];7936.44;0.23;23
FONSECA;2023;[18.848];6613.7;0.29;29
FONSECA;2024;[18.848];5668.89;0.36;36
FONSECA;2025;[18.848];4960.28;0.43;43
FRESNO;2021;[48.89];136.57;0.92;92
FRESNO;2022;[48.89006024];102.42;0.99;99
FRESNO;2023;[48.8900567];81.94;1;100
FRESNO;2024;[48.89005172];68.28;1;100
FRESNO;2025;[48.89004676];58.53;1;100
FRONTINO;2021;[0.];0;1;100
FRONTINO;2022;[0.];0;1;100
FRONTINO;2023;[0.];0;1;100
FRONTINO;2024;[0.];0;1;100
FRONTINO;2025;[0.];0;1;100
FUNES;2021;[0.];0;1;100
FUNES;2022;[0.];0;1;100
FUNES;2023;[0.];0;1;100
FUNES;2024;[0.];0;1;100
FUNES;2025;[0.];0;1;100
FUNZA;2021;[14089.05616279];837693506.3;0.55;55
FUNZA;2022;[14089.05614286];698077921.9;0.57;57
FUNZA;2023;[14089.05612329];598352504.5;0.66;66
FUNZA;2024;[14089.05610616];523558441.5;0.74;74
FUNZA;2025;[14089.05609167];465385281.3;0.79;79
FUQUENE;2022;[-17.25];595.12;0.35;35
FUQUENE;2023;[-17.25];446.34;0.55;55
FUQUENE;2024;[-17.25];357.07;0.62;62
FUQUENE;2025;[-17.25];297.56;0.74;74
FUQUENE;2021;[-69.];0;1;100
FUSAGASUGA;2021;[-11.64813953];39902.19;0.11;11
FUSAGASUGA;2022;[-11.64810714];33251.82;0.12;12
FUSAGASUGA;2023;[-11.64808562];28501.56;0.13;13
FUSAGASUGA;2024;[-11.64807006];24938.87;0.14;14
FUSAGASUGA;2025;[-11.64805833];22167.88;0.15;15
GACHANCIPA;2021;[-3.21578947];8.54;0.84;84
GACHANCIPA;2022;[-3.2158022];6.4;0.9;90
GACHANCIPA;2023;[-3.21582353];5.12;0.93;93
GACHANCIPA;2024;[-3.21584507];4.27;0.95;95
GACHANCIPA;2025;[-3.21586486];3.66;0.96;96
GALAPA;2021;[1086.03953488];159328.42;0.96;96
GALAPA;2022;[1086.0395];132773.69;0.98;98
GALAPA;2023;[1086.0395274];113806.02;0.98;98
GALAPA;2024;[1086.03950531];99580.26;0.99;99
GALAPA;2025;[1086.03952083];88515.79;0.99;99
GALERAS;2021;[0.];0;1;100
GALERAS;2022;[0.];0;1;100
GALERAS;2023;[0.];0;1;100
GALERAS;2024;[0.];0;1;100
GALERAS;2025;[0.];0;1;100
GARAGOA;2021;[0.89491525];95.03;0.13;13
GARAGOA;2022;[0.89486207];76.02;0.15;15
GARAGOA;2023;[0.89485294];63.35;0.17;17
GARAGOA;2024;[0.89485928];54.3;0.19;19
GARAGOA;2025;[0.89487091];47.51;0.22;22
GARZON;2025;[-22.10637838];10103.41;0.35;35
GARZON;2023;[-31.11713043];11628.66;0.37;37
GARZON;2021;[-48.545];13805.02;0.4;40
GARZON;2024;[-31.11713043];9967.42;0.45;45
GARZON;2022;[-48.54506977];11044.02;0.52;52
GIGANTE;2024;[-3.625];89.36;0.33;33
GIGANTE;2022;[-7.25];105.12;0.35;35
GIGANTE;2025;[-3.625];74.46;0.44;44
GIGANTE;2023;[-7.25];78.84;0.55;55
GIGANTE;2021;[-29.];0;1;100
GINEBRA;2021;[53.18953488];2328.61;0.81;81
GINEBRA;2022;[53.1895];1940.51;0.87;87
GINEBRA;2023;[53.1895274];1663.29;0.91;91
GINEBRA;2024;[53.18950531];1455.38;0.93;93
GINEBRA;2025;[53.18952083];1293.67;0.95;95
GIRARDOT;2021;[-144.14069767];19498.01;0.79;79
GIRARDOT;2022;[-144.14075];16248.34;0.86;86
GIRARDOT;2023;[-144.1407089];13927.15;0.9;90
GIRARDOT;2024;[-144.14070913];12186.25;0.93;93
GIRARDOT;2025;[-144.140725];10832.23;0.94;94
GIRARDOTA;2021;[428.69162791];951302;0.5;50
GIRARDOTA;2022;[428.69164286];792751.67;0.52;52
GIRARDOTA;2023;[428.69167808];679501.43;0.62;62
GIRARDOTA;2024;[428.69164968];594563.75;0.69;69
GIRARDOTA;2025;[428.69165417];528501.11;0.76;76
GIRON;2023;[-477.68963699];1174424.55;0.54;54
GIRON;2025;[-351.5497125];1307614.39;0.56;56
GIRON;2024;[-477.68965817];1027621.48;0.62;62
GIRON;2021;[-711.66011628];711752.83;0.71;71
GIRON;2022;[-711.66007143];593127.36;0.8;80
GOMEZ PLATA;2021;[7.97142857];0.69;0.99;99
GOMEZ PLATA;2022;[7.97142857];0.52;1;100
GOMEZ PLATA;2023;[7.97136486];0.42;1;100
GOMEZ PLATA;2024;[7.97141429];0.35;1;100
GOMEZ PLATA;2025;[7.97139754];0.3;1;100
GRANADA;2021;[0.86038462];161.42;0.11;11
GRANADA;2022;[0.86042857];121.07;0.12;12
GRANADA;2023;[0.86039623];96.85;0.13;13
GRANADA;2024;[0.86043784];80.71;0.15;15
GRANADA;2025;[0.86042434];69.18;0.16;16
GUACARI;2021;[-25.22674419];81789.51;0.13;13
GUACARI;2022;[-25.22671429];68157.92;0.14;14
GUACARI;2023;[-25.22672603];58421.08;0.16;16
GUACARI;2024;[-25.22674947];51118.44;0.18;18
GUACARI;2025;[-25.226775];45438.61;0.21;21
GUACHENE;2025;[-182.66807917];731247.38;0.39;39
GUACHENE;2023;[-248.21136986];803344.73;0.41;41
GUACHENE;2024;[-248.21138429];702926.64;0.5;50
GUACHENE;2022;[-369.78428571];727442;0.57;57
GUACHENE;2021;[-601.9744186];392112.94;0.76;76
GUADALAJARA DE BUGA;2021;[2492.313];8695289.13;0.64;64
GUADALAJARA DE BUGA;2022;[2492.313];6956231.3;0.75;75
GUADALAJARA DE BUGA;2023;[2492.313];5796859.42;0.83;83
GUADALAJARA DE BUGA;2024;[2492.313];4968736.65;0.88;88
GUADALAJARA DE BUGA;2025;[2492.313];4347644.57;0.91;91
GUADALUPE;2021;[7.35714286];1661.94;0.15;15
GUADALUPE;2022;[7.35714286];1246.46;0.19;19
GUADALUPE;2023;[7.35712162];997.17;0.24;24
GUADALUPE;2024;[7.3571];830.97;0.3;30
GUADALUPE;2025;[7.35708197];712.26;0.37;37
GUADUAS;2021;[1145.47209302];15567026.55;0.32;32
GUADUAS;2022;[1145.47214286];12972522.13;0.42;42
GUADUAS;2024;[1145.47214437];9729391.59;0.5;50
GUADUAS;2023;[1145.47215068];11119304.68;0.51;51
GUADUAS;2025;[1145.47213333];8648348.08;0.57;57
GUAMO;2021;[0.];0;1;100
GUAMO;2022;[0.];0;1;100
GUAMO;2023;[0.];0;1;100
GUAMO;2024;[0.];0;1;100
GUAMO;2025;[0.];0;1;100
GUARNE;2021;[3812.23511628];108084563.7;0.42;42
GUARNE;2022;[3812.23507143];90070469.74;0.53;53
GUARNE;2023;[3812.23504795];77203259.78;0.53;53
GUARNE;2024;[3812.23503397];67552852.3;0.61;61
GUARNE;2025;[3812.235025];60046979.83;0.68;68
GUASCA;2024;[-10.71788785];1044.77;0.5;50
GUASCA;2021;[-14.77857143];1313.38;0.54;54
GUASCA;2025;[-10.71789718];895.51;0.56;56
GUASCA;2022;[-14.77853846];985.04;0.59;59
GUASCA;2023;[-14.77856701];788.03;0.68;68
GUATAVITA;2021;[0.];0;1;100
GUATAVITA;2022;[0.];0;1;100
GUATAVITA;2023;[0.];0;1;100
GUATAVITA;2024;[0.];0;1;100
GUATAVITA;2025;[0.];0;1;100
GUATEQUE;2021;[-16.81976744];8051.56;0.21;21
GUATEQUE;2022;[-16.81975];6709.64;0.26;26
GUATEQUE;2024;[-11.91717834];5462.2;0.26;26
GUATEQUE;2025;[-11.91715833];4855.29;0.31;31
GUATEQUE;2023;[-16.8197637];5751.12;0.33;33
GUAYABETAL;2021;[0.];0;1;100
GUAYABETAL;2022;[0.];0;1;100
GUAYABETAL;2023;[0.];0;1;100
GUAYABETAL;2024;[0.];0;1;100
GUAYABETAL;2025;[0.];0;1;100
HERVEO;2021;[104.8];2782.58;0.72;72
HERVEO;2022;[104.8];2086.93;0.96;96
HERVEO;2023;[104.8];1669.55;0.98;98
HERVEO;2024;[104.8];1391.29;0.99;99
HERVEO;2025;[104.8];1192.53;0.99;99
HONDA;2025;[-4.8820973];128.05;0.5;50
HONDA;2023;[-7.10042857];108.59;0.62;62
HONDA;2024;[-7.10048113];86.87;0.71;71
HONDA;2021;[-11.47];0;1;100
HONDA;2022;[-11.47];0;1;100
IBAGUE;2021;[701.03674419];848796.6;0.67;67
IBAGUE;2022;[701.03671429];707330.5;0.76;76
IBAGUE;2023;[701.03672603];606283.29;0.83;83
IBAGUE;2024;[701.03674947];530497.88;0.87;87
IBAGUE;2025;[701.036775];471553.67;0.9;90
INIRIDA;2021;[15.85714286];16560.86;0.12;12
INIRIDA;2022;[15.85714286];12420.64;0.14;14
INIRIDA;2023;[15.85712162];9936.51;0.17;17
INIRIDA;2024;[15.8571];8280.43;0.21;21
INIRIDA;2025;[15.85708197];7097.51;0.25;25
IPIALES;2023;[-389.11791781];1815361.91;0.43;43
IPIALES;2022;[-579.70628571];1602324.28;0.5;50
IPIALES;2025;[-389.117875];1411948.15;0.5;50
IPIALES;2024;[-389.11788535];1588441.67;0.51;51
IPIALES;2021;[-943.70790698];741110.58;0.81;81
ITAGUI;2021;[1307.19488372];20603598.49;0.32;32
ITAGUI;2022;[1307.19492857];17169665.41;0.42;42
ITAGUI;2024;[1307.19496603];12877249.06;0.5;50
ITAGUI;2023;[1307.19495205];14716856.07;0.51;51
ITAGUI;2025;[1307.194975];11446443.61;0.57;57
JAMUNDI;2021;[-1.61918605];61420.15;0.6;60
JAMUNDI;2022;[-1.61917857];51183.46;0.6;60
JAMUNDI;2023;[-1.61916096];43871.53;0.6;60
JAMUNDI;2024;[-1.61914225];38387.59;0.6;60
JAMUNDI;2025;[-1.619125];34122.3;0.6;60
JERICO;2021;[0.];0;1;100
JERICO;2022;[0.];0;1;100
JERICO;2023;[0.];0;1;100
JERICO;2024;[0.];0;1;100
JERICO;2025;[0.];0;1;100
LA APARTADA;2021;[56.015];0;1;100
LA APARTADA;2022;[56.015];0;1;100
LA APARTADA;2023;[56.015];0;1;100
LA APARTADA;2024;[56.015];0;1;100
LA APARTADA;2025;[56.015];0;1;100
LA ARGENTINA;2021;[0.];0;1;100
LA ARGENTINA;2022;[0.];0;1;100
LA ARGENTINA;2023;[0.];0;1;100
LA ARGENTINA;2024;[0.];0;1;100
LA ARGENTINA;2025;[0.];0;1;100
LA CALERA;2021;[-17.63976744];631475.52;0.11;11
LA CALERA;2022;[-17.63975];526229.6;0.11;11
LA CALERA;2023;[-17.6397637];451053.94;0.11;11
LA CALERA;2024;[-17.63978556];394672.2;0.11;11
LA CALERA;2025;[-17.63980833];350819.73;0.11;11
LA CAPILLA;2025;[-1.48571429];13.28;0.43;43
LA CAPILLA;2023;[-2.6];12.67;0.5;50
LA CAPILLA;2024;[-2.6];10.14;0.57;57
LA CAPILLA;2021;[-6.5];0;1;100
LA CAPILLA;2022;[-6.5];0;1;100
LA CEJA;2021;[83.14117647];1126.81;0.96;96
LA CEJA;2022;[83.14116418];901.44;0.98;98
LA CEJA;2023;[83.14114592];751.2;0.98;98
LA CEJA;2024;[83.14112766];643.89;0.99;99
LA CEJA;2025;[83.14111111];563.4;0.99;99
LA CUMBRE;2021;[0.];0;1;100
LA CUMBRE;2022;[0.];0;1;100
LA CUMBRE;2023;[0.];0;1;100
LA CUMBRE;2024;[0.];0;1;100
LA CUMBRE;2025;[0.];0;1;100
LA DORADA;2021;[-21.87034884];19606.76;0.18;18
LA DORADA;2022;[-21.87032143];16338.97;0.22;22
LA DORADA;2024;[-15.495569];12981.19;0.22;22
LA DORADA;2025;[-15.49555417];11538.83;0.26;26
LA DORADA;2023;[-21.87028425];14004.83;0.27;27
LA ESTRELLA;2021;[46.70232558];1275673.77;0.11;11
LA ESTRELLA;2022;[46.70228571];1063061.48;0.11;11
LA ESTRELLA;2023;[46.70224658];911195.55;0.11;11
LA ESTRELLA;2024;[46.70227813];797296.11;0.12;12
LA ESTRELLA;2025;[46.70227917];708707.65;0.13;13
LA GLORIA;2021;[69.70930233];1756.11;0.9;90
LA GLORIA;2022;[69.70925];1463.42;0.94;94
LA GLORIA;2023;[69.7092911];1254.36;0.96;96
LA GLORIA;2024;[69.70929087];1097.57;0.97;97
LA GLORIA;2025;[69.709275];975.62;0.98;98
LA JAGUA DE IBIRICO;2021;[1.23333333];0;1;100
LA JAGUA DE IBIRICO;2022;[1.23326923];0;1;100
LA JAGUA DE IBIRICO;2023;[1.23321429];0;1;100
LA JAGUA DE IBIRICO;2024;[1.23316981];0;1;100
LA JAGUA DE IBIRICO;2025;[1.23313514];0;1;100
LA MESA;2021;[-0.26674419];1.48;0.24;24
LA MESA;2022;[-0.26671429];1.23;0.31;31
LA MESA;2023;[-0.26672603];1.06;0.39;39
LA MESA;2024;[-0.26674947];0.92;0.46;46
LA MESA;2025;[-0.266775];0.82;0.54;54
LA PINTADA;2021;[-0.4];0;1;100
LA PINTADA;2022;[-0.4];0;1;100
LA PINTADA;2023;[-0.4];0;1;100
LA PINTADA;2024;[-0.4];0;1;100
LA PINTADA;2025;[-0.4];0;1;100
LA PLATA;2021;[110.29];24405.99;0.55;55
LA PLATA;2022;[110.29];19524.79;0.68;68
LA PLATA;2023;[110.29];16270.66;0.77;77
LA PLATA;2024;[110.29];13946.28;0.83;83
LA PLATA;2025;[110.29];12203;0.87;87
LA TEBAIDA;2021;[122.52];0;1;100
LA TEBAIDA;2022;[122.52];0;1;100
LA TEBAIDA;2023;[122.52];0;1;100
LA TEBAIDA;2024;[122.52];0;1;100
LA TEBAIDA;2025;[122.52];0;1;100
LA UNION;2021;[-10.76802326];109.59;0.78;78
LA UNION;2022;[-10.76803571];91.33;0.86;86
LA UNION;2023;[-10.76803767];78.28;0.9;90
LA UNION;2024;[-10.76803609];68.5;0.93;93
LA UNION;2025;[-10.76803333];60.89;0.94;94
LA VICTORIA;2021;[0.];0;1;100
LA VICTORIA;2022;[0.];0;1;100
LA VICTORIA;2023;[0.];0;1;100
LA VICTORIA;2024;[0.];0;1;100
LA VICTORIA;2025;[0.];0;1;100
LA VIRGINIA;2021;[-0.18627907];1441.67;0.6;60
LA VIRGINIA;2022;[-0.18632143];1201.39;0.6;60
LA VIRGINIA;2023;[-0.18631164];1029.76;0.6;60
LA VIRGINIA;2024;[-0.18628662];901.04;0.6;60
LA VIRGINIA;2025;[-0.1863125];800.93;0.6;60
LEBRIJA;2021;[15.26470588];1493.71;0.5;50
LEBRIJA;2022;[15.26465672];1194.97;0.51;51
LEBRIJA;2023;[15.26466524];995.81;0.6;60
LEBRIJA;2024;[15.26469149];853.55;0.68;68
LEBRIJA;2025;[15.26466667];746.85;0.74;74
LENGUAZAQUE;2024;[-58.48322034];69179.51;0.34;34
LENGUAZAQUE;2022;[-88.47457627];86521.67;0.35;35
LENGUAZAQUE;2025;[-58.48320103];59296.73;0.41;41
LENGUAZAQUE;2023;[-88.47461538];69217.34;0.47;47
LENGUAZAQUE;2021;[-279.64285714];32204.02;0.79;79
LERIDA;2021;[0.];0;1;100
LERIDA;2022;[0.];0;1;100
LERIDA;2023;[0.];0;1;100
LERIDA;2024;[0.];0;1;100
LERIDA;2025;[0.];0;1;100
LETICIA;2024;[-28.9262];15991.85;0.39;39
LETICIA;2022;[-41.89005];19534.72;0.41;41
LETICIA;2025;[-28.92621586];13707.3;0.46;46
LETICIA;2023;[-41.89005488];15627.78;0.52;52
LETICIA;2021;[-104.725];8498.6;0.77;77
LIBANO;2021;[0.];0;1;100
LIBANO;2022;[0.];0;1;100
LIBANO;2023;[0.];0;1;100
LIBANO;2024;[0.];0;1;100
LIBANO;2025;[0.];0;1;100
LORICA;2021;[0.];0;1;100
LORICA;2022;[0.];0;1;100
LORICA;2023;[0.];0;1;100
LORICA;2024;[0.];0;1;100
LORICA;2025;[0.];0;1;100
LOS PATIOS;2021;[0.];0;1;100
LOS PATIOS;2022;[0.];0;1;100
LOS PATIOS;2023;[0.];0;1;100
LOS PATIOS;2024;[0.];0;1;100
LOS PATIOS;2025;[0.];0;1;100
LURUACO;2021;[0.];0;1;100
LURUACO;2022;[0.];0;1;100
LURUACO;2023;[0.];0;1;100
LURUACO;2024;[0.];0;1;100
LURUACO;2025;[0.];0;1;100
MACANAL;2021;[0.];0;1;100
MACANAL;2022;[0.];0;1;100
MACANAL;2023;[0.];0;1;100
MACANAL;2024;[0.];0;1;100
MACANAL;2025;[0.];0;1;100
MACEO;2021;[0.];0;1;100
MACEO;2022;[0.];0;1;100
MACEO;2023;[0.];0;1;100
MACEO;2024;[0.];0;1;100
MACEO;2025;[0.];0;1;100
MADRID;2023;[-2838.11816438];262990600.3;0.25;25
MADRID;2025;[-2088.67757917];218462375.9;0.25;25
MADRID;2024;[-2838.11816348];230116775.2;0.3;30
MADRID;2022;[-4228.21685714];279393386.3;0.33;33
MADRID;2021;[-6883.14372093];272408667;0.47;47
MAGANGUE;2021;[0.];0;1;100
MAGANGUE;2022;[0.];0;1;100
MAGANGUE;2023;[0.];0;1;100
MAGANGUE;2024;[0.];0;1;100
MAGANGUE;2025;[0.];0;1;100
MAHATES;2021;[0.];0;1;100
MAHATES;2022;[0.];0;1;100
MAHATES;2023;[0.];0;1;100
MAHATES;2024;[0.];0;1;100
MAHATES;2025;[0.];0;1;100
MAICAO;2021;[0.];0;1;100
MAICAO;2022;[0.];0;1;100
MAICAO;2023;[0.];0;1;100
MAICAO;2024;[0.];0;1;100
MAICAO;2025;[0.];0;1;100
MALAGA;2021;[0.];0;1;100
MALAGA;2022;[0.];0;1;100
MALAGA;2023;[0.];0;1;100
MALAGA;2024;[0.];0;1;100
MALAGA;2025;[0.];0;1;100
MALAMBO;2021;[850.33581395];4469866.46;0.46;46
MALAMBO;2022;[850.33582143];3724888.72;0.48;48
MALAMBO;2023;[850.33583904];3192761.76;0.57;57
MALAMBO;2024;[850.33585775];2793666.54;0.66;66
MALAMBO;2025;[850.335875];2483259.14;0.72;72
MANAURE;2021;[0.];0;1;100
MANAURE;2022;[0.];0;1;100
MANAURE;2023;[0.];0;1;100
MANAURE;2024;[0.];0;1;100
MANAURE;2025;[0.];0;1;100
MANI;2023;[-3.64473292];63.52;0.48;48
MANI;2024;[-3.64472101];54.45;0.58;58
MANI;2021;[-5.686];45.38;0.64;64
MANI;2025;[-3.64473423];47.64;0.66;66
MANI;2022;[-5.686];36.3;0.75;75
MANIZALES;2021;[4157.40883721];16845791.4;0.78;78
MANIZALES;2022;[4157.40885714];14038159.5;0.85;85
MANIZALES;2023;[4157.40887671];12032708.14;0.9;90
MANIZALES;2024;[4157.40889384];10528619.62;0.92;92
MANIZALES;2025;[4157.40890833];9358773;0.94;94
MANZANARES;2021;[0.];0;1;100
MANZANARES;2022;[0.];0;1;100
MANZANARES;2023;[0.];0;1;100
MANZANARES;2024;[0.];0;1;100
MANZANARES;2025;[0.];0;1;100
MARIA LA BAJA;2021;[26.015];0;1;100
MARIA LA BAJA;2022;[26.015];0;1;100
MARIA LA BAJA;2023;[26.015];0;1;100
MARIA LA BAJA;2024;[26.015];0;1;100
MARIA LA BAJA;2025;[26.015];0;1;100
MARINILLA;2021;[270.58823529];299118.03;0.51;51
MARINILLA;2022;[270.58825373];239294.42;0.62;62
MARINILLA;2023;[270.58824034];199412.02;0.7;70
MARINILLA;2024;[270.58821809];170924.59;0.77;77
MARINILLA;2025;[270.58819444];149559.01;0.82;82
MARIQUITA;2021;[0.];0;1;100
MARIQUITA;2022;[0.];0;1;100
MARIQUITA;2023;[0.];0;1;100
MARIQUITA;2024;[0.];0;1;100
MARIQUITA;2025;[0.];0;1;100
MARSELLA;2022;[-0.82894737];5.27;0.46;46
MARSELLA;2023;[-0.82892857];3.95;0.48;48
MARSELLA;2024;[-0.82892857];3.16;0.57;57
MARSELLA;2025;[-0.82893385];2.63;0.65;65
MARSELLA;2021;[-2.33333333];0;1;100
MEDELLIN;2021;[21787.10918605];176768709.9;0.9;90
MEDELLIN;2022;[21787.10917857];147307258.3;0.94;94
MEDELLIN;2023;[21787.10916096];126263364.2;0.96;96
MEDELLIN;2024;[21787.10914225];110480443.7;0.97;97
MEDELLIN;2025;[21787.109125];98204838.85;0.98;98
MELGAR;2021;[1.76857143];532.86;0.11;11
MELGAR;2022;[1.76857143];399.65;0.12;12
MELGAR;2023;[1.76863514];319.72;0.13;13
MELGAR;2024;[1.76858571];266.43;0.14;14
MELGAR;2025;[1.76860246];228.37;0.16;16
MIRAFLORES;2021;[0.];0;1;100
MIRAFLORES;2022;[0.];0;1;100
MIRAFLORES;2023;[4.88042617e-30];0;1;100
MIRAFLORES;2024;[0.];0;1;100
MIRAFLORES;2025;[0.];0;1;100
MIRANDA;2023;[-94.75022892];50709.08;0.55;55
MIRANDA;2025;[-70.14750943];55182.13;0.57;57
MIRANDA;2024;[-94.75021602];43464.92;0.63;63
MIRANDA;2021;[-146.72142857];24974.12;0.75;75
MIRANDA;2022;[-146.72146269];19979.3;0.85;85
MITU;2021;[15.41666667];0;1;100
MITU;2022;[15.41673077];0;1;100
MITU;2023;[15.41678571];0;1;100
MITU;2024;[15.41683019];0;1;100
MITU;2025;[15.41686486];0;1;100
MOCOA;2021;[5.775];120420.14;0.6;60
MOCOA;2022;[5.77493023];96336.11;0.6;60
MOCOA;2023;[5.77491304];80280.09;0.6;60
MOCOA;2024;[5.77491304];68811.51;0.6;60
MOCOA;2025;[5.77491892];60210.07;0.6;60
MONTECRISTO;2021;[0.];0;1;100
MONTECRISTO;2022;[0.];0;1;100
MONTECRISTO;2023;[0.];0;1;100
MONTECRISTO;2024;[0.];0;1;100
MONTECRISTO;2025;[0.];0;1;100
MONTELIBANO;2024;[-112.12452017];66819.8;0.58;58
MONTELIBANO;2021;[-158.25104651];46012.37;0.65;65
MONTELIBANO;2025;[-112.124525];59395.38;0.65;65
MONTELIBANO;2022;[-158.25107143];38343.64;0.75;75
MONTELIBANO;2023;[-158.25107534];32865.98;0.82;82
MONTENEGRO;2021;[15.5];0;1;100
MONTENEGRO;2022;[15.5];0;1;100
MONTENEGRO;2023;[15.5];0;1;100
MONTENEGRO;2024;[15.5];0;1;100
MONTENEGRO;2025;[15.5];0;1;100
MONTERIA;2021;[1508.06081395];7236368.71;0.52;52
MONTERIA;2022;[1508.06082143];6030307.26;0.64;64
MONTERIA;2023;[1508.06083904];5168834.8;0.72;72
MONTERIA;2024;[1508.06085775];4522730.45;0.79;79
MONTERIA;2025;[1508.060875];4020204.84;0.83;83
MONTERREY;2021;[4.93928571];2215.32;0.12;12
MONTERREY;2022;[4.93928571];1661.49;0.13;13
MONTERREY;2023;[4.93924324];1329.19;0.15;15
MONTERREY;2024;[4.9392];1107.66;0.18;18
MONTERREY;2025;[4.93916393];949.42;0.21;21
MOSQUERA;2021;[796.0572093];1823400.72;0.54;54
MOSQUERA;2022;[796.05721429];1519500.6;0.66;66
MOSQUERA;2023;[796.05719863];1302429.09;0.74;74
MOSQUERA;2024;[796.05717834];1139625.45;0.8;80
MOSQUERA;2025;[796.05715833];1013000.4;0.85;85
MUZO;2025;[-7.14013514];263.28;0.5;50
MUZO;2022;[-10.38461538];288.46;0.52;52
MUZO;2023;[-10.38457143];216.35;0.64;64
MUZO;2024;[-10.38460377];173.08;0.73;73
MUZO;2021;[-20.];0;1;100
NECHI;2021;[0.];0;1;100
NECHI;2022;[0.];0;1;100
NECHI;2023;[0.];0;1;100
NECHI;2024;[0.];0;1;100
NECHI;2025;[0.];0;1;100
NEIRA;2021;[0.];0;1;100
NEIRA;2022;[0.];0;1;100
NEIRA;2023;[0.];0;1;100
NEIRA;2024;[0.];0;1;100
NEIRA;2025;[0.];0;1;100
NEIVA;2021;[5927.9577907];108997016.3;0.53;53
NEIVA;2022;[5927.95778571];90830846.93;0.64;64
NEIVA;2023;[5927.95780137];77855011.65;0.73;73
NEIVA;2024;[5927.95782166];68123135.19;0.79;79
NEIVA;2025;[5927.95784167];60553897.95;0.84;84
NEMOCON;2021;[-6.24615385];2621.6;0.14;14
NEMOCON;2022;[-6.24617647];1966.2;0.18;18
NEMOCON;2023;[-6.24616418];1572.96;0.22;22
NEMOCON;2024;[-6.24614592];1310.8;0.26;26
NEMOCON;2025;[-6.24612766];1123.54;0.31;31
NILO;2025;[-30.01241892];5363.87;0.54;54
NILO;2024;[-30.01241304];6130.13;0.55;55
NILO;2022;[-44.09993023];5248.1;0.56;56
NILO;2023;[-44.09991304];4373.41;0.67;67
NILO;2021;[-75.852];538.96;0.96;96
NOBSA;2021;[1511.35465116];4203210.52;0.65;65
NOBSA;2022;[1511.35467857];3502675.44;0.75;75
NOBSA;2023;[1511.35471575];3002293.23;0.82;82
NOBSA;2024;[1511.35468577];2627006.58;0.86;86
NOBSA;2025;[1511.3546875];2335116.96;0.9;90
NORCASIA;2021;[181.74571429];83951.16;0.56;56
NORCASIA;2022;[181.74567241];67160.93;0.7;70
NORCASIA;2023;[181.74569492];55967.44;0.79;79
NORCASIA;2024;[181.74572414];47972.09;0.85;85
NORCASIA;2025;[181.74569797];41975.58;0.89;89
OBANDO;2021;[0.];0;1;100
OBANDO;2022;[0.];0;1;100
OBANDO;2023;[0.];0;1;100
OBANDO;2024;[0.];0;1;100
OBANDO;2025;[0.];0;1;100
OCANA;2021;[800.21395349];461865.94;0.83;83
OCANA;2022;[800.21392857];384888.29;0.89;89
OCANA;2023;[800.21392466];329904.25;0.92;92
OCANA;2024;[800.21392781];288666.22;0.94;94
OCANA;2025;[800.21393333];256592.19;0.96;96
ORITO;2021;[27.86101695];1598.24;0.64;64
ORITO;2022;[27.86098276];1278.59;0.74;74
ORITO;2023;[27.86097059];1065.49;0.81;81
ORITO;2024;[27.86096707];913.28;0.85;85
ORITO;2025;[27.86096724];799.12;0.89;89
OROCUE;2021;[55.12857143];35009.49;0.22;22
OROCUE;2022;[55.12849153];26257.12;0.4;40
OROCUE;2023;[55.12853846];21005.7;0.53;53
OROCUE;2024;[55.12850847];17504.75;0.53;53
OROCUE;2025;[55.12852835];15004.07;0.62;62
OVEJAS;2021;[0.];0;1;100
OVEJAS;2022;[0.];0;1;100
OVEJAS;2023;[0.];0;1;100
OVEJAS;2024;[0.];0;1;100
OVEJAS;2025;[0.];0;1;100
PACHO;2021;[0.];0;1;100
PACHO;2022;[0.];0;1;100
PACHO;2023;[0.];0;1;100
PACHO;2024;[0.];0;1;100
PACHO;2025;[0.];0;1;100
PAIPA;2021;[-223.37139535];909902.78;0.26;26
PAIPA;2022;[-223.37139286];758252.32;0.33;33
PAIPA;2025;[-164.3874];591690.17;0.39;39
PAIPA;2023;[-223.37135959];649930.56;0.41;41
PAIPA;2024;[-223.37138641];568689.24;0.5;50
PALERMO;2021;[84.29642857];2498.97;0.82;82
PALERMO;2022;[84.29642857];1874.22;0.89;89
PALERMO;2023;[84.29636486];1499.38;0.93;93
PALERMO;2024;[84.29641429];1249.48;0.96;96
PALERMO;2025;[84.29639754];1070.99;0.97;97
PALMIRA;2021;[526.27686047];3932145.38;0.3;30
PALMIRA;2022;[526.27689286];3276787.81;0.38;38
PALMIRA;2023;[526.27691438];2808675.27;0.47;47
PALMIRA;2025;[526.27694167];2184525.21;0.53;53
PALMIRA;2024;[526.27692994];2457590.86;0.55;55
PAMPLONA;2021;[36.32142857];1.01;1;100
PAMPLONA;2022;[36.32142857];0.75;1;100
PAMPLONA;2023;[36.32136486];0.6;1;100
PAMPLONA;2024;[36.32141429];0.5;1;100
PAMPLONA;2025;[36.32139754];0.43;1;100
PASCA;2021;[0.05581395];0.08;0.21;21
PASCA;2022;[0.05582143];0.07;0.27;27
PASCA;2023;[0.05583904];0.06;0.34;34
PASCA;2024;[0.05585775];0.05;0.41;41
PASCA;2025;[0.055875];0.05;0.48;48
PASTO;2021;[3173.27255814];146572602.3;0.29;29
PASTO;2022;[3173.27253571];122143835.3;0.38;38
PASTO;2023;[3173.27256507];104694715.9;0.46;46
PASTO;2025;[3173.27255417];81429223.51;0.52;52
PASTO;2024;[3173.2725414];91607876.45;0.55;55
PATIA;2021;[0.];0;1;100
PATIA;2022;[0.];0;1;100
PATIA;2023;[0.];0;1;100
PATIA;2024;[0.];0;1;100
PATIA;2025;[0.];0;1;100
PAZ DE ARIPORO;2021;[-2.71514286];90.83;0.25;25
PAZ DE ARIPORO;2022;[-2.71516379];72.66;0.42;42
PAZ DE ARIPORO;2023;[-2.71515254];60.55;0.54;54
PAZ DE ARIPORO;2024;[-2.71513793];51.9;0.54;54
PAZ DE ARIPORO;2025;[-2.71512363];45.41;0.62;62
PAZ DE RIO;2021;[5.09285714];85.43;0.42;42
PAZ DE RIO;2022;[5.09285714];64.07;0.57;57
PAZ DE RIO;2023;[5.09287838];51.26;0.6;60
PAZ DE RIO;2024;[5.0929];42.71;0.7;70
PAZ DE RIO;2025;[5.09291803];36.61;0.78;78
PEREIRA;2021;[6278.38430233];1023783679;0.22;22
PEREIRA;2022;[6278.38425];853153065.5;0.28;28
PEREIRA;2023;[6278.3842911];731274056.1;0.34;34
PEREIRA;2024;[6278.38429087];639864799.1;0.41;41
PEREIRA;2025;[6278.384275];568768710.3;0.48;48
PESCA;2021;[72.58928571];631.43;0.93;93
PESCA;2022;[72.58928571];473.57;0.96;96
PESCA;2023;[72.58924324];378.86;0.98;98
PESCA;2024;[72.5892];315.72;0.98;98
PESCA;2025;[72.58916393];270.61;0.99;99
PIAMONTE;2021;[0.];0;1;100
PIAMONTE;2022;[0.];0;1;100
PIAMONTE;2023;[0.];0;1;100
PIAMONTE;2024;[0.];0;1;100
PIAMONTE;2025;[0.];0;1;100
PIEDECUESTA;2021;[21.55885714];1953.1;0.44;44
PIEDECUESTA;2022;[21.55883621];1562.48;0.58;58
PIEDECUESTA;2023;[21.55884746];1302.07;0.7;70
PIEDECUESTA;2024;[21.55886207];1116.06;0.78;78
PIEDECUESTA;2025;[21.55887637];976.55;0.83;83
PIEDRAS;2023;[-28.98044118];17921.44;0.34;34
PIEDRAS;2024;[-28.98047183];14934.54;0.41;41
PIEDRAS;2022;[-43.3113956];18871.62;0.46;46
PIEDRAS;2025;[-28.98045946];12801.03;0.47;47
PIEDRAS;2021;[-77.78947368];13838.04;0.65;65
PIENDAMO - TUNIA;2021;[0.];0;1;100
PIENDAMO - TUNIA;2022;[0.];0;1;100
PIENDAMO - TUNIA;2023;[0.];0;1;100
PIENDAMO - TUNIA;2024;[0.];0;1;100
PIENDAMO - TUNIA;2025;[0.];0;1;100
PITALITO;2021;[192.274];223243.96;0.39;39
PITALITO;2022;[192.27393023];178595.17;0.52;52
PITALITO;2023;[192.27391304];148829.31;0.53;53
PITALITO;2024;[192.27391304];127567.98;0.62;62
PITALITO;2025;[192.27391892];111621.98;0.7;70
PLANETA RICA;2021;[31.37857143];17265.58;0.18;18
PLANETA RICA;2022;[31.37857143];12949.19;0.24;24
PLANETA RICA;2023;[31.37863514];10359.35;0.32;32
PLANETA RICA;2024;[31.37858571];8632.79;0.41;41
PLANETA RICA;2025;[31.37860246];7399.54;0.5;50
PLATO;2021;[0.];0;1;100
PLATO;2022;[0.];0;1;100
PLATO;2023;[0.];0;1;100
PLATO;2024;[0.];0;1;100
PLATO;2025;[0.];0;1;100
POPAYAN;2021;[153.92325581];196241.99;0.39;39
POPAYAN;2022;[153.92328571];163534.99;0.5;50
POPAYAN;2023;[153.92327397];140172.85;0.5;50
POPAYAN;2024;[153.92325053];122651.24;0.59;59
POPAYAN;2025;[153.923225];109023.33;0.66;66
PORE;2021;[0.];0;1;100
PORE;2022;[0.];0;1;100
PORE;2023;[0.];0;1;100
PORE;2024;[0.];0;1;100
PORE;2025;[0.];0;1;100
POTOSI;2021;[0.];0;1;100
POTOSI;2022;[0.];0;1;100
POTOSI;2023;[-4.33641324e-29];0;1;100
POTOSI;2024;[0.];0;1;100
POTOSI;2025;[0.];0;1;100
PRADERA;2021;[-2.];0;1;100
PRADERA;2022;[-2.];0;1;100
PRADERA;2023;[-2.];0;1;100
PRADERA;2024;[-2.];0;1;100
PRADERA;2025;[-2.];0;1;100
PRADO;2021;[0.];0;1;100
PRADO;2022;[0.];0;1;100
PRADO;2023;[0.];0;1;100
PRADO;2024;[0.];0;1;100
PRADO;2025;[0.];0;1;100
PUEBLO NUEVO;2021;[0.];0;1;100
PUEBLO NUEVO;2022;[0.];0;1;100
PUEBLO NUEVO;2023;[0.];0;1;100
PUEBLO NUEVO;2024;[0.];0;1;100
PUEBLO NUEVO;2025;[0.];0;1;100
PUERRES;2021;[389.5];0;1;100
PUERRES;2022;[389.5];0;1;100
PUERRES;2023;[389.5];0;1;100
PUERRES;2024;[389.5];0;1;100
PUERRES;2025;[389.5];0;1;100
PUERTO ASIS;2024;[-96.97916667];138319.26;0.38;38
PUERTO ASIS;2022;[-142.5];158834.9;0.41;41
PUERTO ASIS;2025;[-96.97916667];121029.35;0.45;45
PUERTO ASIS;2023;[-142.5];132362.42;0.51;51
PUERTO ASIS;2021;[-245.1];135675.47;0.53;53
PUERTO BERRIO;2021;[26.02];64503.74;0.13;13
PUERTO BERRIO;2022;[26.02];51602.99;0.14;14
PUERTO BERRIO;2023;[26.02];43002.49;0.17;17
PUERTO BERRIO;2024;[26.02];36859.28;0.19;19
PUERTO BERRIO;2025;[26.02];32251.87;0.23;23
PUERTO BOYACA;2021;[245.89883721];150880.35;0.58;58
PUERTO BOYACA;2022;[245.89885714];125733.63;0.69;69
PUERTO BOYACA;2023;[245.89887671];107771.68;0.77;77
PUERTO BOYACA;2024;[245.89889384];94300.22;0.83;83
PUERTO BOYACA;2025;[245.89890833];83822.42;0.87;87
PUERTO CARRENO;2021;[0.];0;1;100
PUERTO CARRENO;2022;[0.];0;1;100
PUERTO CARRENO;2023;[0.];0;1;100
PUERTO CARRENO;2024;[0.];0;1;100
PUERTO CARRENO;2025;[0.];0;1;100
PUERTO COLOMBIA;2021;[-74.80882353];19224.15;0.55;55
PUERTO COLOMBIA;2025;[-55.80977778];19155.1;0.59;59
PUERTO COLOMBIA;2022;[-74.80883582];15379.32;0.66;66
PUERTO COLOMBIA;2023;[-74.80885408];12816.1;0.74;74
PUERTO COLOMBIA;2024;[-74.80887234];10985.23;0.8;80
PUERTO GAITAN;2021;[-262.13767442];3384728.37;0.17;17
PUERTO GAITAN;2022;[-262.13771429];2820606.97;0.2;20
PUERTO GAITAN;2023;[-262.13775342];2417663.12;0.24;24
PUERTO GAITAN;2024;[-262.13772187];2115455.23;0.29;29
PUERTO GAITAN;2025;[-262.13772083];1880404.65;0.35;35
PUERTO LIBERTADOR;2023;[0.];0;0.6;60
PUERTO LIBERTADOR;2021;[0.];0;1;100
PUERTO LIBERTADOR;2022;[0.];0;1;100
PUERTO LIBERTADOR;2024;[0.];0;1;100
PUERTO LIBERTADOR;2025;[0.];0;1;100
PUERTO LOPEZ;2021;[228.21491525];24932.17;0.89;89
PUERTO LOPEZ;2022;[228.21486207];19945.73;0.92;92
PUERTO LOPEZ;2023;[228.21485294];16621.44;0.95;95
PUERTO LOPEZ;2024;[228.21485928];14246.95;0.96;96
PUERTO LOPEZ;2025;[228.21487091];12466.08;0.97;97
PUERTO NARE;2021;[0.03571429];2403.17;0.25;25
PUERTO NARE;2022;[0.03566102];1802.38;0.32;32
PUERTO NARE;2023;[0.03569231];1441.9;0.39;39
PUERTO NARE;2024;[0.03572881];1201.59;0.47;47
PUERTO NARE;2025;[0.03569588];1029.93;0.54;54
PUERTO RICO;2021;[0.];0;1;100
PUERTO RICO;2022;[0.];0;1;100
PUERTO RICO;2023;[0.];0;1;100
PUERTO RICO;2024;[0.];0;1;100
PUERTO RICO;2025;[0.];0;1;100
PUERTO SALGAR;2021;[-23.78571429];40532.09;0.15;15
PUERTO SALGAR;2022;[-23.78573134];32425.67;0.19;19
PUERTO SALGAR;2023;[-23.78575904];27021.39;0.23;23
PUERTO SALGAR;2024;[-23.78578641];23161.19;0.27;27
PUERTO SALGAR;2025;[-23.78581132];20266.04;0.32;32
PUERTO TEJADA;2021;[122.76860465];302224.32;0.25;25
PUERTO TEJADA;2022;[122.76860714];251853.6;0.32;32
PUERTO TEJADA;2023;[122.76864041];215874.52;0.39;39
PUERTO TEJADA;2024;[122.76861359];188890.2;0.47;47
PUERTO TEJADA;2025;[122.76862083];167902.4;0.54;54
PUERTO TRIUNFO;2022;[-6.63];87.91;0.35;35
PUERTO TRIUNFO;2025;[-3.78857143];75.35;0.46;46
PUERTO TRIUNFO;2023;[-6.63];65.94;0.55;55
PUERTO TRIUNFO;2024;[-6.63];52.75;0.63;63
PUERTO TRIUNFO;2021;[-26.52];0;1;100
PUERTO WILCHES;2021;[62.];0;1;100
PUERTO WILCHES;2022;[62.];0;1;100
PUERTO WILCHES;2023;[62.];0;1;100
PUERTO WILCHES;2024;[62.];0;1;100
PUERTO WILCHES;2025;[62.];0;1;100
PURIFICACION;2022;[-35.89285714];162325.45;0.14;14
PURIFICACION;2023;[-35.89280769];121744.08;0.16;16
PURIFICACION;2024;[-35.89280928];97395.27;0.19;19
PURIFICACION;2025;[-35.89282243];81162.72;0.22;22
PURIFICACION;2021;[-1005.];0;1;100
PURISIMA DE LA CONCEPCION;2021;[0.];0;1;100
PURISIMA DE LA CONCEPCION;2022;[0.];0;1;100
PURISIMA DE LA CONCEPCION;2023;[0.];0;1;100
PURISIMA DE LA CONCEPCION;2024;[0.];0;1;100
PURISIMA DE LA CONCEPCION;2025;[0.];0;1;100
QUIBDO;2021;[53.13823529];59563.95;0.27;27
QUIBDO;2022;[53.13825373];47651.16;0.34;34
QUIBDO;2023;[53.13824034];39709.3;0.42;42
QUIBDO;2024;[53.13821809];34036.54;0.5;50
QUIBDO;2025;[53.13819444];29781.97;0.56;56
QUIMBAYA;2025;[-63.09139459];19440.89;0.51;51
QUIMBAYA;2024;[-63.09138679];23329.07;0.52;52
QUIMBAYA;2022;[-95.53846154];24415.38;0.52;52
QUIMBAYA;2023;[-95.53842857];18311.54;0.64;64
QUIMBAYA;2021;[-184.];0;1;100
QUINCHIA;2025;[1.77050923e-27];0;0.6;60
QUINCHIA;2021;[0.];0;1;100
QUINCHIA;2022;[0.];0;1;100
QUINCHIA;2023;[0.];0;1;100
QUINCHIA;2024;[0.];0;1;100
RAQUIRA;2021;[2.4];0;1;100
RAQUIRA;2022;[2.4];0;1;100
RAQUIRA;2023;[2.4];0;1;100
RAQUIRA;2024;[2.4];0;1;100
RAQUIRA;2025;[2.4];0;1;100
REPELON;2021;[0.];0;1;100
REPELON;2022;[0.];0;1;100
REPELON;2023;[0.];0;1;100
REPELON;2024;[0.];0;1;100
REPELON;2025;[0.];0;1;100
RETIRO;2021;[-8.91790698];1806.53;0.23;23
RETIRO;2024;[-6.31852866];1249.95;0.29;29
RETIRO;2022;[-8.91785714];1505.44;0.3;30
RETIRO;2025;[-6.31850417];1111.06;0.34;34
RETIRO;2023;[-8.91784932];1290.38;0.37;37
RICAURTE;2021;[393.42857143];34905.63;0.87;87
RICAURTE;2022;[393.42849153];26179.23;0.96;96
RICAURTE;2023;[393.42853846];20943.38;0.97;97
RICAURTE;2024;[393.42850847];17452.82;0.98;98
RICAURTE;2025;[393.42852835];14959.56;0.99;99
RIO DE ORO;2024;[-52.5];18742.5;0.33;33
RIO DE ORO;2022;[-105.];22050;0.35;35
RIO DE ORO;2025;[-52.5];15618.75;0.44;44
RIO DE ORO;2023;[-105.];16537.5;0.55;55
RIO DE ORO;2021;[-420.];0;1;100
RIOHACHA;2021;[-26.25232558];50813.13;0.14;14
RIOHACHA;2022;[-26.25228571];42344.27;0.17;17
RIOHACHA;2023;[-26.25224658];36295.09;0.2;20
RIOHACHA;2024;[-26.25227813];31758.21;0.24;24
RIOHACHA;2025;[-26.25227917];28229.52;0.28;28
RIONEGRO;2021;[21.41360465];2816998.47;0.6;60
RIONEGRO;2022;[21.41360714];2347498.72;0.6;60
RIONEGRO;2023;[21.41364041];2012141.76;0.6;60
RIONEGRO;2024;[21.41361359];1760624.04;0.6;60
RIONEGRO;2025;[21.41362083];1564999.15;0.6;60
RIVERA;2022;[-15.875];504.03;0.35;35
RIVERA;2025;[-9.07142857];432.03;0.46;46
RIVERA;2023;[-15.875];378.02;0.55;55
RIVERA;2024;[-15.875];302.42;0.62;62
RIVERA;2021;[-63.5];0;1;100
SABANALARGA;2021;[29.86116279];2280.69;0.57;57
SABANALARGA;2022;[29.86114286];1900.57;0.69;69
SABANALARGA;2023;[29.86112329];1629.06;0.77;77
SABANALARGA;2024;[29.86110616];1425.43;0.82;82
SABANALARGA;2025;[29.86109167];1267.05;0.86;86
SABANETA;2021;[289.60232558];342268.66;0.56;56
SABANETA;2022;[289.60228571];285223.88;0.58;58
SABANETA;2023;[289.60224658];244477.61;0.67;67
SABANETA;2024;[289.60227813];213917.91;0.74;74
SABANETA;2025;[289.60227917];190149.25;0.8;80
SAHAGUN;2021;[4.30457627];619.66;0.2;20
SAHAGUN;2022;[4.30453448];495.73;0.25;25
SAHAGUN;2023;[4.30455882];413.11;0.3;30
SAHAGUN;2024;[4.30452994];354.09;0.36;36
SAHAGUN;2025;[4.30454335];309.83;0.43;43
SALDANA;2021;[9.57118644];365.82;0.48;48
SALDANA;2022;[9.57114655];292.66;0.59;59
SALDANA;2023;[9.57111765];243.88;0.68;68
SALDANA;2024;[9.57109581];209.04;0.75;75
SALDANA;2025;[9.571079];182.91;0.8;80
SAMACA;2021;[-8.5];5355.62;0.13;13
SAMACA;2022;[-8.5];4284.5;0.15;15
SAMACA;2023;[-8.5];3570.42;0.18;18
SAMACA;2024;[-8.5];3060.36;0.22;22
SAMACA;2025;[-8.5];2677.81;0.26;26
SAMANIEGO;2022;[-0.04596774];0.59;0.12;12
SAMANIEGO;2023;[-0.04601351];0.44;0.14;14
SAMANIEGO;2024;[-0.04602632];0.35;0.16;16
SAMANIEGO;2025;[-0.04603059];0.29;0.18;18
SAMANIEGO;2021;[-1.9];0;1;100
SAN ALBERTO;2021;[0.];0;1;100
SAN ALBERTO;2022;[0.];0;1;100
SAN ALBERTO;2023;[0.];0;1;100
SAN ALBERTO;2024;[0.];0;1;100
SAN ALBERTO;2025;[0.];0;1;100
SAN ANDRES;2021;[0.];0;1;100
SAN ANDRES;2022;[0.];0;1;100
SAN ANDRES;2023;[0.];0;1;100
SAN ANDRES;2024;[0.];0;1;100
SAN ANDRES;2025;[0.];0;1;100
SAN ANDRES DE TUMACO;2021;[169.324];74421.8;0.5;50
SAN ANDRES DE TUMACO;2022;[169.32393023];59537.44;0.62;62
SAN ANDRES DE TUMACO;2023;[169.32391304];49614.53;0.72;72
SAN ANDRES DE TUMACO;2024;[169.32391304];42526.74;0.79;79
SAN ANDRES DE TUMACO;2025;[169.32391892];37210.9;0.84;84
SAN BERNARDO DEL VIENTO;2021;[14.47];0;1;100
SAN BERNARDO DEL VIENTO;2022;[14.47];0;1;100
SAN BERNARDO DEL VIENTO;2023;[14.47];0;1;100
SAN BERNARDO DEL VIENTO;2024;[14.47];0;1;100
SAN BERNARDO DEL VIENTO;2025;[14.47];0;1;100
SAN CARLOS;2021;[162.46197674];646446.05;0.22;22
SAN CARLOS;2022;[162.46196429];538705.04;0.29;29
SAN CARLOS;2023;[162.46196233];461747.18;0.35;35
SAN CARLOS;2024;[162.46196391];404028.78;0.42;42
SAN CARLOS;2025;[162.46196667];359136.69;0.5;50
SAN CARLOS DE GUAROA;2021;[-13.5];0;1;100
SAN CARLOS DE GUAROA;2022;[-13.5];0;1;100
SAN CARLOS DE GUAROA;2023;[-13.5];0;1;100
SAN CARLOS DE GUAROA;2024;[-13.5];0;1;100
SAN CARLOS DE GUAROA;2025;[-13.5];0;1;100
SAN ESTANISLAO;2021;[0.];0;1;100
SAN ESTANISLAO;2022;[0.];0;1;100
SAN ESTANISLAO;2023;[0.];0;1;100
SAN ESTANISLAO;2024;[0.];0;1;100
SAN ESTANISLAO;2025;[0.];0;1;100
SAN GIL;2021;[65.36];35133.97;0.33;33
SAN GIL;2022;[65.35993023];28107.17;0.44;44
SAN GIL;2023;[65.35991304];23422.65;0.55;55
SAN GIL;2024;[65.35991304];20076.55;0.55;55
SAN GIL;2025;[65.35991892];17566.98;0.63;63
SAN JOSE DE URE;2021;[0.];0;1;100
SAN JOSE DE URE;2022;[0.];0;1;100
SAN JOSE DE URE;2023;[0.];0;1;100
SAN JOSE DE URE;2024;[0.];0;1;100
SAN JOSE DE URE;2025;[0.];0;1;100
SAN JOSE DEL GUAVIARE;2025;[-2.75250811];40.7;0.5;50
SAN JOSE DEL GUAVIARE;2023;[-4.00321429];34.52;0.62;62
SAN JOSE DEL GUAVIARE;2024;[-4.00325472];27.61;0.71;71
SAN JOSE DEL GUAVIARE;2021;[-6.46666667];0;1;100
SAN JOSE DEL GUAVIARE;2022;[-6.46673077];0;1;100
SAN JUAN DE RIOSECO;2023;[-2.6147292e-32];0;0.6;60
SAN JUAN DE RIOSECO;2021;[0.];0;1;100
SAN JUAN DE RIOSECO;2022;[0.];0;1;100
SAN JUAN DE RIOSECO;2024;[0.];0;1;100
SAN JUAN DE RIOSECO;2025;[0.];0;1;100
SAN LUIS DE SINCE;2021;[0.];0;1;100
SAN LUIS DE SINCE;2022;[0.];0;1;100
SAN LUIS DE SINCE;2023;[0.];0;1;100
SAN LUIS DE SINCE;2024;[0.];0;1;100
SAN LUIS DE SINCE;2025;[0.];0;1;100
SAN MARCOS;2021;[0.];0;1;100
SAN MARCOS;2022;[0.];0;1;100
SAN MARCOS;2023;[0.];0;1;100
SAN MARCOS;2024;[0.];0;1;100
SAN MARCOS;2025;[0.];0;1;100
SAN MARTIN;2021;[0.];0;1;100
SAN MARTIN;2022;[0.];0;1;100
SAN MARTIN;2023;[0.];0;1;100
SAN MARTIN;2024;[0.];0;1;100
SAN MARTIN;2025;[0.];0;1;100
SAN ONOFRE;2021;[0.];0;1;100
SAN ONOFRE;2022;[0.];0;1;100
SAN ONOFRE;2023;[0.];0;1;100
SAN ONOFRE;2024;[0.];0;1;100
SAN ONOFRE;2025;[0.];0;1;100
SAN PEDRO;2021;[-18.01976744];15108.02;0.17;17
SAN PEDRO;2022;[-18.01975];12590.02;0.21;21
SAN PEDRO;2023;[-18.0197637];10791.44;0.25;25
SAN PEDRO;2024;[-18.01978556];9442.51;0.3;30
SAN PEDRO;2025;[-18.01980833];8393.34;0.36;36
SAN PEDRO DE LOS MILAGROS;2021;[13.003];31.64;0.93;93
SAN PEDRO DE LOS MILAGROS;2022;[13.00306977];25.31;0.96;96
SAN PEDRO DE LOS MILAGROS;2023;[13.00308696];21.09;0.97;97
SAN PEDRO DE LOS MILAGROS;2024;[13.00308696];18.08;0.98;98
SAN PEDRO DE LOS MILAGROS;2025;[13.00308108];15.82;0.99;99
SAN RAFAEL;2021;[174.40697674];925248.75;0.2;20
SAN RAFAEL;2022;[174.40696429];771040.63;0.26;26
SAN RAFAEL;2023;[174.40696233];660891.97;0.32;32
SAN RAFAEL;2024;[174.40696391];578280.47;0.38;38
SAN RAFAEL;2025;[174.40696667];514027.09;0.44;44
SAN ROQUE;2021;[1.08769231];21.76;0.24;24
SAN ROQUE;2022;[1.08764706];16.32;0.34;34
SAN ROQUE;2023;[1.08767164];13.06;0.43;43
SAN ROQUE;2025;[1.08767819];9.33;0.5;50
SAN ROQUE;2024;[1.08770815];10.88;0.51;51
SAN SEBASTIAN DE MARIQUITA;2022;[-5.03808824];107.24;0.5;50
SAN SEBASTIAN DE MARIQUITA;2023;[-5.03808209];85.79;0.61;61
SAN SEBASTIAN DE MARIQUITA;2024;[-5.03807296];71.49;0.7;70
SAN SEBASTIAN DE MARIQUITA;2025;[-5.03806383];61.28;0.76;76
SAN SEBASTIAN DE MARIQUITA;2021;[-9.88230769];4.69;0.98;98
SAN VICENTE DE CHUCURI;2021;[0.];0;1;100
SAN VICENTE DE CHUCURI;2022;[0.];0;1;100
SAN VICENTE DE CHUCURI;2023;[0.];0;1;100
SAN VICENTE DE CHUCURI;2024;[0.];0;1;100
SAN VICENTE DE CHUCURI;2025;[0.];0;1;100
SANTA ANA;2021;[0.];0;1;100
SANTA ANA;2022;[0.];0;1;100
SANTA ANA;2023;[0.];0;1;100
SANTA ANA;2024;[0.];0;1;100
SANTA ANA;2025;[0.];0;1;100
SANTA FE DE ANTIOQUIA;2024;[-8.68505797];1475.4;0.32;32
SANTA FE DE ANTIOQUIA;2022;[-12.76162791];1786.37;0.34;34
SANTA FE DE ANTIOQUIA;2025;[-8.68503153];1290.98;0.39;39
SANTA FE DE ANTIOQUIA;2023;[-12.76167702];1488.64;0.43;43
SANTA FE DE ANTIOQUIA;2021;[-21.95];1728.75;0.51;51
SANTA MARTA;2021;[5.81069767];1207790.8;0.6;60
SANTA MARTA;2022;[5.81075];1006492.33;0.6;60
SANTA MARTA;2023;[5.8107911];862707.71;0.6;60
SANTA MARTA;2024;[5.81082378];754869.25;0.6;60
SANTA MARTA;2025;[5.81085];670994.89;0.6;60
SANTA ROSA DE CABAL;2021;[8.59872093];10479.18;0.12;12
SANTA ROSA DE CABAL;2022;[8.59867857];8732.65;0.14;14
SANTA ROSA DE CABAL;2023;[8.59868836];7485.13;0.16;16
SANTA ROSA DE CABAL;2024;[8.59871338];6549.49;0.18;18
SANTA ROSA DE CABAL;2025;[8.5986875];5821.77;0.2;20
SANTA ROSA DE OSOS;2021;[-1.481];3.09;0.64;64
SANTA ROSA DE OSOS;2022;[-1.48093023];2.47;0.75;75
SANTA ROSA DE OSOS;2023;[-1.48091304];2.06;0.83;83
SANTA ROSA DE OSOS;2024;[-1.48091304];1.77;0.87;87
SANTA ROSA DE OSOS;2025;[-1.48091892];1.55;0.91;91
SANTA ROSALIA;2021;[0.];0;1;100
SANTA ROSALIA;2022;[0.];0;1;100
SANTA ROSALIA;2023;[0.];0;1;100
SANTA ROSALIA;2024;[0.];0;1;100
SANTA ROSALIA;2025;[0.];0;1;100
SANTANDER DE QUILICHAO;2021;[-161.04534884];111958.66;0.54;54
SANTANDER DE QUILICHAO;2025;[-118.51927917];107000.64;0.54;54
SANTANDER DE QUILICHAO;2022;[-161.04532143];93298.88;0.56;56
SANTANDER DE QUILICHAO;2023;[-161.04528425];79970.47;0.66;66
SANTANDER DE QUILICHAO;2024;[-161.04531423];69974.16;0.73;73
SANTO DOMINGO;2021;[19.95];280.29;0.69;69
SANTO DOMINGO;2022;[19.95];210.22;0.81;81
SANTO DOMINGO;2023;[19.95];168.18;0.88;88
SANTO DOMINGO;2024;[19.95];140.15;0.92;92
SANTO DOMINGO;2025;[19.95];120.13;0.94;94
SANTO TOMAS;2021;[0.];0;1;100
SANTO TOMAS;2022;[0.];0;1;100
SANTO TOMAS;2023;[0.];0;1;100
SANTO TOMAS;2024;[0.];0;1;100
SANTO TOMAS;2025;[0.];0;1;100
SARAVENA;2021;[78.19651163];27669.23;0.53;53
SARAVENA;2022;[78.19646429];23057.69;0.55;55
SARAVENA;2023;[78.19648973];19763.73;0.65;65
SARAVENA;2024;[78.19646921];17293.27;0.72;72
SARAVENA;2025;[78.1964875];15371.79;0.78;78
SASAIMA;2024;[-0.4338];1.28;0.33;33
SASAIMA;2022;[-0.8675];1.51;0.35;35
SASAIMA;2025;[-0.43377143];1.07;0.44;44
SASAIMA;2023;[-0.8675];1.13;0.55;55
SASAIMA;2021;[-3.47];0;1;100
SEGOVIA;2021;[0.];0;1;100
SEGOVIA;2022;[0.];0;1;100
SEGOVIA;2023;[0.];0;1;100
SEGOVIA;2024;[0.];0;1;100
SEGOVIA;2025;[0.];0;1;100
SESQUILE;2021;[6.05744186];5557.8;0.12;12
SESQUILE;2022;[6.05746429];4631.5;0.14;14
SESQUILE;2023;[6.05743493];3969.86;0.15;15
SESQUILE;2024;[6.0574586];3473.63;0.17;17
SESQUILE;2025;[6.05744583];3087.67;0.2;20
SEVILLA;2022;[-12.17564655];3153.56;0.28;28
SEVILLA;2024;[-8.25706897];2520.63;0.28;28
SEVILLA;2025;[-8.2570579];2205.55;0.34;34
SEVILLA;2023;[-12.17566102];2627.97;0.37;37
SEVILLA;2021;[-32.28285714];2522;0.57;57
SIACHOQUE;2021;[0.];0;1;100
SIACHOQUE;2022;[0.];0;1;100
SIACHOQUE;2023;[0.];0;1;100
SIACHOQUE;2024;[0.];0;1;100
SIACHOQUE;2025;[0.];0;1;100
SIBATE;2022;[-334.43057143];4242200.14;0.21;21
SIBATE;2023;[-334.43054795];3636171.55;0.25;25
SIBATE;2025;[-246.119975];3021333.49;0.25;25
SIBATE;2021;[-544.42186047];4697366.13;0.28;28
SIBATE;2024;[-334.43056688];3181650.1;0.31;31
SILVANIA;2021;[0.];0;1;100
SILVANIA;2022;[0.];0;1;100
SILVANIA;2023;[2.71025827e-30];0;1;100
SILVANIA;2024;[0.];0;1;100
SILVANIA;2025;[0.];0;1;100
SIMIJACA;2021;[7.5];0;1;100
SIMIJACA;2022;[7.5];0;1;100
SIMIJACA;2023;[7.5];0;1;100
SIMIJACA;2024;[7.5];0;1;100
SIMIJACA;2025;[7.5];0;1;100
SINCELEJO;2021;[-219.59686047];16729721.23;0.11;11
SINCELEJO;2022;[-219.59689286];13941434.35;0.12;12
SINCELEJO;2023;[-219.59691438];11949800.88;0.12;12
SINCELEJO;2024;[-219.59692994];10456075.77;0.13;13
SINCELEJO;2025;[-219.59694167];9294289.57;0.14;14
SITIONUEVO;2021;[48.5];133.39;0.92;92
SITIONUEVO;2022;[48.50006024];100.04;0.99;99
SITIONUEVO;2023;[48.5000567];80.03;1;100
SITIONUEVO;2024;[48.50005172];66.69;1;100
SITIONUEVO;2025;[48.50004676];57.17;1;100
SOACHA;2021;[6969.00418605];11859228.72;0.93;93
SOACHA;2022;[6969.00417857];9882690.6;0.96;96
SOACHA;2023;[6969.00416096];8470877.65;0.97;97
SOACHA;2024;[6969.00414225];7412017.95;0.98;98
SOACHA;2025;[6969.004125];6588460.4;0.98;98
SOATA;2021;[642.1];0;1;100
SOATA;2022;[642.1];0;1;100
SOATA;2023;[642.1];0;1;100
SOATA;2024;[642.1];0;1;100
SOATA;2025;[642.1];0;1;100
SOCHA;2024;[-3.625];89.36;0.33;33
SOCHA;2022;[-7.25];105.12;0.35;35
SOCHA;2025;[-3.625];74.46;0.44;44
SOCHA;2023;[-7.25];78.84;0.55;55
SOCHA;2021;[-29.];0;1;100
SOCORRO;2022;[-12.49625];1249.25;0.35;35
SOCORRO;2025;[-8.52688235];816.42;0.44;44
SOCORRO;2023;[-12.49628814];936.94;0.48;48
SOCORRO;2024;[-12.49626724];749.55;0.5;50
SOCORRO;2021;[-49.985];0;1;100
SOCOTA;2021;[0.];0;1;100
SOCOTA;2022;[0.];0;1;100
SOCOTA;2023;[0.];0;1;100
SOCOTA;2024;[0.];0;1;100
SOCOTA;2025;[0.];0;1;100
SOGAMOSO;2021;[232.74174419];1956478.33;0.19;19
SOGAMOSO;2022;[232.74171429];1630398.61;0.23;23
SOGAMOSO;2023;[232.74172603];1397484.52;0.29;29
SOGAMOSO;2024;[232.74174947];1222798.96;0.35;35
SOGAMOSO;2025;[232.741775];1086932.41;0.41;41
SOLEDAD;2021;[614.4255814];51793604.36;0.12;12
SOLEDAD;2022;[614.42557143];43161336.97;0.14;14
SOLEDAD;2023;[614.42560274];36995431.69;0.16;16
SOLEDAD;2024;[614.42557749];32371002.73;0.18;18
SOLEDAD;2025;[614.4255875];28774224.65;0.2;20
SONSON;2021;[114.41830508];55310.7;0.57;57
SONSON;2022;[114.41825];44248.56;0.58;58
SONSON;2023;[114.41820588];36873.8;0.67;67
SONSON;2024;[114.41817066];31606.12;0.74;74
SONSON;2025;[114.41814258];27655.35;0.79;79
SOPO;2021;[46.74];68472.09;0.2;20
SOPO;2022;[46.74];57060.08;0.25;25
SOPO;2023;[46.74];48908.64;0.31;31
SOPO;2024;[46.74];42795.06;0.37;37
SOPO;2025;[46.74];38040.05;0.44;44
SUAREZ;2021;[0.];0;1;100
SUAREZ;2022;[0.];0;1;100
SUAREZ;2023;[0.];0;1;100
SUAREZ;2024;[0.];0;1;100
SUAREZ;2025;[0.];0;1;100
SUBACHOQUE;2025;[-2.09190164];41.36;0.45;45
SUBACHOQUE;2023;[-3.125];42.84;0.5;50
SUBACHOQUE;2024;[-3.125];35.7;0.52;52
SUBACHOQUE;2021;[-5.28571429];38.1;0.53;53
SUBACHOQUE;2022;[-5.28571429];28.57;0.68;68
SUESCA;2025;[-70.95562917];142861.77;0.34;34
SUESCA;2023;[-96.41526712];163033.66;0.35;35
SUESCA;2024;[-96.41527389];142654.46;0.42;42
SUESCA;2022;[-143.63907143];158551.08;0.48;48
SUESCA;2021;[-233.83104651];117712.79;0.62;62
SUPATA;2025;[-6.87711261];327.3;0.5;50
SUPATA;2022;[-9.68023256];309.71;0.51;51
SUPATA;2023;[-9.68025466];258.09;0.62;62
SUPATA;2024;[-9.68024275];221.22;0.7;70
SUPATA;2021;[-16.65];97.02;0.88;88
TABIO;2021;[-1.5];84.5;0.12;12
TABIO;2022;[-1.5];63.38;0.26;26
TABIO;2023;[-1.5];50.7;0.36;36
TABIO;2024;[-1.5];42.25;0.44;44
TABIO;2025;[-1.5];36.21;0.51;51
TAME;2021;[600.];0;1;100
TAME;2022;[600.];0;1;100
TAME;2023;[600.];0;1;100
TAME;2024;[600.];0;1;100
TAME;2025;[600.];0;1;100
TAMESIS;2021;[-3.78214286];928.25;0.12;12
TAMESIS;2022;[-3.78214286];696.19;0.14;14
TAMESIS;2023;[-3.78212162];556.95;0.17;17
TAMESIS;2024;[-3.7821];464.13;0.21;21
TAMESIS;2025;[-3.78208197];397.82;0.25;25
TANGUA;2021;[0.];0;1;100
TANGUA;2022;[0.];0;1;100
TANGUA;2023;[0.];0;1;100
TANGUA;2024;[0.];0;1;100
TANGUA;2025;[0.];0;1;100
TARAZA;2021;[0.];0;1;100
TARAZA;2022;[0.];0;1;100
TARAZA;2023;[0.];0;1;100
TARAZA;2024;[0.];0;1;100
TARAZA;2025;[0.];0;1;100
TAURAMENA;2021;[15.06976744];23.42;0.97;97
TAURAMENA;2022;[15.06975];19.52;0.98;98
TAURAMENA;2023;[15.0697637];16.73;0.99;99
TAURAMENA;2024;[15.06978556];14.64;0.99;99
TAURAMENA;2025;[15.06980833];13.01;0.99;99
TAUSA;2024;[-60.75];25095.83;0.33;33
TAUSA;2022;[-121.5];29524.5;0.35;35
TAUSA;2025;[-60.75];20913.19;0.44;44
TAUSA;2023;[-121.5];22143.38;0.55;55
TAUSA;2021;[-486.];0;1;100
TELLO;2021;[0.5];0;1;100
TELLO;2022;[0.5];0;1;100
TELLO;2023;[0.5];0;1;100
TELLO;2024;[0.5];0;1;100
TELLO;2025;[0.5];0;1;100
TENA;2025;[4.32253231e-31];0;0.6;60
TENA;2021;[0.];0;1;100
TENA;2022;[0.];0;1;100
TENA;2023;[0.];0;1;100
TENA;2024;[0.];0;1;100
TENJO;2021;[-188.26418605];1385346.69;0.18;18
TENJO;2022;[-188.26417857];1154455.57;0.23;23
TENJO;2023;[-188.26416096];989533.35;0.28;28
TENJO;2024;[-188.26414225];865841.68;0.33;33
TENJO;2025;[-188.264125];769637.05;0.39;39
TESALIA;2021;[20.89285714];178.15;0.79;79
TESALIA;2022;[20.89283051];133.61;0.92;92
TESALIA;2023;[20.89284615];106.89;0.96;96
TESALIA;2024;[20.89286441];89.07;0.97;97
TESALIA;2025;[20.89288144];76.35;0.98;98
TIBACUY;2021;[0.41692308];0.05;0.91;91
TIBACUY;2022;[0.41691176];0.04;0.95;95
TIBACUY;2023;[0.41691791];0.03;0.97;97
TIBACUY;2024;[0.41692704];0.02;0.98;98
TIBACUY;2025;[0.41693617];0.02;0.99;99
TIBASOSA;2021;[130.];6422.22;0.64;64
TIBASOSA;2022;[129.99993976];4816.67;0.95;95
TIBASOSA;2023;[129.9999433];3853.33;0.97;97
TIBASOSA;2024;[129.99994828];3211.11;0.98;98
TIBASOSA;2025;[129.99995324];2752.38;0.99;99
TIBU;2021;[0.];0;1;100
TIBU;2022;[0.];0;1;100
TIBU;2023;[0.];0;1;100
TIBU;2024;[0.];0;1;100
TIBU;2025;[0.];0;1;100
TIERRALTA;2021;[-80.21];27403.4;0.37;37
TIERRALTA;2025;[-53.02016495];19844.79;0.53;53
TIERRALTA;2024;[-53.02016949];23152.25;0.54;54
TIERRALTA;2022;[-80.21];20552.55;0.54;54
TIERRALTA;2023;[-80.21];16442.04;0.67;67
TIMANA;2021;[0.];0;1;100
TIMANA;2022;[0.];0;1;100
TIMANA;2023;[0.];0;1;100
TIMANA;2024;[0.];0;1;100
TIMANA;2025;[0.];0;1;100
TIMBIO;2021;[0.];0;1;100
TIMBIO;2022;[0.];0;1;100
TIMBIO;2023;[0.];0;1;100
TIMBIO;2024;[0.];0;1;100
TIMBIO;2025;[0.];0;1;100
TOCA;2022;[-4.50373134];517.48;0.27;27
TOCA;2023;[-4.50375904];431.24;0.35;35
TOCA;2024;[-4.50378641];369.63;0.42;42
TOCA;2021;[-8.62142857];522.6;0.43;43
TOCA;2025;[-4.50381132];323.43;0.48;48
TOCANCIPA;2021;[386.48593023];35418838.01;0.11;11
TOCANCIPA;2022;[386.48589286];29515698.34;0.12;12
TOCANCIPA;2023;[386.48588699];25299170.01;0.13;13
TOCANCIPA;2024;[386.48589172];22136773.76;0.15;15
TOCANCIPA;2025;[386.4859];19677132.23;0.16;16
TOLEDO;2024;[-6.16415517];812.9;0.38;38
TOLEDO;2022;[-9.08943966];928.88;0.39;39
TOLEDO;2025;[-6.16412833];711.28;0.45;45
TOLEDO;2023;[-9.08948305];774.07;0.51;51
TOLEDO;2021;[-24.1];369.76;0.77;77
TOLU VIEJO;2022;[-24.75107143];77189.56;0.14;14
TOLU VIEJO;2023;[-24.75103846];57892.17;0.16;16
TOLU VIEJO;2024;[-24.75102577];46313.73;0.19;19
TOLU VIEJO;2025;[-24.75101869];38594.78;0.22;22
TOLU VIEJO;2021;[-693.03];0;1;100
TRINIDAD;2021;[0.];0;1;100
TRINIDAD;2022;[0.];0;1;100
TRINIDAD;2023;[0.];0;1;100
TRINIDAD;2024;[0.];0;1;100
TRINIDAD;2025;[0.];0;1;100
TRUJILLO;2021;[0.];0;1;100
TRUJILLO;2022;[0.];0;1;100
TRUJILLO;2023;[0.];0;1;100
TRUJILLO;2024;[0.];0;1;100
TRUJILLO;2025;[0.];0;1;100
TULUA;2022;[45.92475];1790802.4;0.11;11
TULUA;2023;[45.9247637];1534973.49;0.11;11
TULUA;2024;[45.92478556];1343101.8;0.11;11
TULUA;2025;[45.92480833];1193868.27;0.12;12
TULUA;2021;[45.92476744];2148962.88;0.13;13
TUMACO;2021;[0.];0;1;100
TUMACO;2022;[0.];0;1;100
TUMACO;2023;[0.];0;1;100
TUMACO;2024;[0.];0;1;100
TUMACO;2025;[0.];0;1;100
TUNJA;2021;[939.91988372];7138047.2;0.4;40
TUNJA;2022;[939.91992857];5948372.67;0.51;51
TUNJA;2023;[939.91995205];5098605.14;0.51;51
TUNJA;2024;[939.91996603];4461279.5;0.59;59
TUNJA;2025;[939.919975];3965581.78;0.66;66
TUNUNGUA;2021;[0.6];0;1;100
TUNUNGUA;2022;[0.6];0;1;100
TUNUNGUA;2023;[0.6];0;1;100
TUNUNGUA;2024;[0.6];0;1;100
TUNUNGUA;2025;[0.6];0;1;100
TUQUERRES;2021;[4.93846154];320.05;0.28;28
TUQUERRES;2022;[4.93842857];240.04;0.36;36
TUQUERRES;2023;[4.93848113];192.03;0.45;45
TUQUERRES;2025;[4.93849013];137.16;0.52;52
TUQUERRES;2024;[4.93845946];160.03;0.54;54
TURBACO;2025;[-3.18862705];151.25;0.35;35
TURBACO;2023;[-4.76351351];176.73;0.38;38
TURBACO;2024;[-4.76348571];147.28;0.47;47
TURBACO;2022;[-8.05714286];162.87;0.57;57
TURBACO;2021;[-15.10714286];51.48;0.87;87
TURBANA;2021;[-10.28571429];2392.6;0.16;16
TURBANA;2022;[-10.28571429];1794.45;0.21;21
TURBANA;2023;[-10.28575676];1435.56;0.28;28
TURBANA;2024;[-10.2858];1196.3;0.36;36
TURBANA;2025;[-10.28583607];1025.4;0.44;44
TURBO;2021;[-15.38142857];37843.29;0.12;12
TURBO;2022;[-15.38146269];30274.64;0.14;14
TURBO;2023;[-15.38143373];25228.86;0.16;16
TURBO;2024;[-15.38145874];21624.74;0.18;18
TURBO;2025;[-15.38144654];18921.65;0.21;21
UBATE;2021;[0.];0;1;100
UBATE;2022;[0.];0;1;100
UBATE;2023;[0.];0;1;100
UBATE;2024;[0.];0;1;100
UBATE;2025;[0.];0;1;100
UNE;2021;[3.05813953];17.79;0.64;64
UNE;2022;[3.05810714];14.82;0.75;75
UNE;2023;[3.05808562];12.71;0.81;81
UNE;2024;[3.05807006];11.12;0.86;86
UNE;2025;[3.05805833];9.88;0.89;89
URRAO;2021;[3.08333333];0;1;100
URRAO;2022;[3.08326923];0;1;100
URRAO;2023;[3.08321429];0;1;100
URRAO;2024;[3.08316981];0;1;100
URRAO;2025;[3.08313514];0;1;100
VALDIVIA;2021;[0.];0;1;100
VALDIVIA;2022;[0.];0;1;100
VALDIVIA;2023;[0.];0;1;100
VALDIVIA;2024;[0.];0;1;100
VALDIVIA;2025;[0.];0;1;100
VALLEDUPAR;2021;[177.90162791];16832.44;0.87;87
VALLEDUPAR;2022;[177.90164286];14027.03;0.91;91
VALLEDUPAR;2023;[177.90167808];12023.17;0.94;94
VALLEDUPAR;2024;[177.90164968];10520.27;0.96;96
VALLEDUPAR;2025;[177.90165417];9351.35;0.97;97
VALPARAISO;2021;[0.];0;1;100
VALPARAISO;2022;[0.];0;1;100
VALPARAISO;2023;[0.];0;1;100
VALPARAISO;2024;[0.];0;1;100
VALPARAISO;2025;[0.];0;1;100
VELEZ;2022;[-55.3];46713.63;0.33;33
VELEZ;2025;[-40.69731667];36425.01;0.39;39
VELEZ;2023;[-55.3];40040.25;0.41;41
VELEZ;2021;[-90.02325581];45303.26;0.48;48
VELEZ;2024;[-55.3];35035.22;0.5;50
VENTAQUEMADA;2021;[0.];0;1;100
VENTAQUEMADA;2022;[0.];0;1;100
VENTAQUEMADA;2023;[0.];0;1;100
VENTAQUEMADA;2024;[0.];0;1;100
VENTAQUEMADA;2025;[0.];0;1;100
VERSALLES;2021;[-0.50714286];0.07;0.85;85
VERSALLES;2022;[-0.50716949];0.05;0.95;95
VERSALLES;2023;[-0.50715385];0.04;0.97;97
VERSALLES;2024;[-0.50713559];0.03;0.98;98
VERSALLES;2025;[-0.50711856];0.03;0.99;99
VIJES;2021;[0.];0;1;100
VIJES;2022;[0.];0;1;100
VIJES;2023;[0.];0;1;100
VIJES;2024;[0.];0;1;100
VIJES;2025;[0.];0;1;100
VILLA DE SAN DIEGO DE UBATE;2025;[-5.68888739];201.34;0.53;53
VILLA DE SAN DIEGO DE UBATE;2024;[-5.68890942];230.1;0.54;54
VILLA DE SAN DIEGO DE UBATE;2022;[-8.35923256];202.35;0.54;54
VILLA DE SAN DIEGO DE UBATE;2023;[-8.35925466];168.62;0.65;65
VILLA DE SAN DIEGO DE UBATE;2021;[-14.378];36.59;0.93;93
VILLA RICA;2022;[-47.83];1412722.02;0.11;11
VILLA RICA;2023;[-47.83];1210904.59;0.11;11
VILLA RICA;2021;[-47.83];1695266.42;0.12;12
VILLA RICA;2024;[-47.83];1059541.51;0.12;12
VILLA RICA;2025;[-47.83];941814.68;0.12;12
VILLAMARIA;2021;[1307.65];0;1;100
VILLAMARIA;2022;[1307.65];0;1;100
VILLAMARIA;2023;[1307.65];0;1;100
VILLAMARIA;2024;[1307.65];0;1;100
VILLAMARIA;2025;[1307.65];0;1;100
VILLANUEVA;2021;[60.18325581];4791.7;0.72;72
VILLANUEVA;2022;[60.18328571];3993.08;0.81;81
VILLANUEVA;2023;[60.18327397];3422.64;0.86;86
VILLANUEVA;2024;[60.18325053];2994.81;0.9;90
VILLANUEVA;2025;[60.183225];2662.06;0.92;92
VILLAPINZON;2021;[0.34615385];0.32;0.52;52
VILLAPINZON;2022;[0.34615385];0.24;0.74;74
VILLAPINZON;2023;[0.34613978];0.19;0.82;82
VILLAPINZON;2024;[0.346125];0.16;0.87;87
VILLAPINZON;2025;[0.34611111];0.14;0.9;90
VILLAVICENCIO;2021;[4224.03267442];30465886.87;0.67;67
VILLAVICENCIO;2022;[4224.03271429];25388239.06;0.77;77
VILLAVICENCIO;2023;[4224.03275342];21761347.76;0.83;83
VILLAVICENCIO;2024;[4224.03272187];19041179.29;0.87;87
VILLAVICENCIO;2025;[4224.03272083];16925492.71;0.9;90
VILLETA;2024;[-36.03831847];77256.54;0.21;21
VILLETA;2025;[-36.03832917];68672.48;0.24;24
VILLETA;2023;[-50.8640137];83799.4;0.26;26
VILLETA;2022;[-75.777];88956.09;0.33;33
VILLETA;2021;[-123.35790698];86556.29;0.48;48
VITERBO;2021;[0.7];0;1;100
VITERBO;2022;[0.7];0;1;100
VITERBO;2023;[0.7];0;1;100
VITERBO;2024;[0.7];0;1;100
VITERBO;2025;[0.7];0;1;100
YARUMAL;2021;[0.];0;1;100
YARUMAL;2022;[0.];0;1;100
YARUMAL;2023;[-2.16820662e-29];0;1;100
YARUMAL;2024;[0.];0;1;100
YARUMAL;2025;[0.];0;1;100
YONDO;2024;[-306.60484076];4975482.37;0.22;22
YONDO;2025;[-306.6048625];4422651;0.26;26
YONDO;2023;[-432.73808219];5360997.49;0.27;27
YONDO;2022;[-644.69142857];5616822.71;0.36;36
YONDO;2021;[-1049.49767442];5278726.6;0.52;52
YOPAL;2021;[-77.68116279];100178.39;0.27;27
YOPAL;2022;[-77.68114286];83481.99;0.35;35
YOPAL;2023;[-77.68112329];71555.99;0.43;43
YOPAL;2025;[-77.68109167];55654.66;0.5;50
YOPAL;2024;[-77.68110616];62611.49;0.51;51
YOTOCO;2021;[0.];0;1;100
YOTOCO;2022;[0.];0;1;100
YOTOCO;2023;[0.];0;1;100
YOTOCO;2024;[0.];0;1;100
YOTOCO;2025;[0.];0;1;100
YUMBO;2021;[1815.85348837];28362570.62;0.39;39
YUMBO;2022;[1815.85353571];23635475.51;0.5;50
YUMBO;2023;[1815.85351027];20258979.01;0.5;50
YUMBO;2024;[1815.85353079];17726606.64;0.58;58
YUMBO;2025;[1815.8535125];15756983.68;0.65;65
ZARAGOZA;2021;[0.];0;1;100
ZARAGOZA;2022;[0.];0;1;100
ZARAGOZA;2023;[0.];0;1;100
ZARAGOZA;2024;[0.];0;1;100
ZARAGOZA;2025;[0.];0;1;100
ZARZAL;2025;[-177.92295417];862751.39;0.35;35
ZARZAL;2023;[-241.76369863];979437.59;0.36;36
ZARZAL;2024;[-241.76371125];857007.89;0.43;43
ZARZAL;2022;[-360.17857143];943641.52;0.5;50
ZARZAL;2021;[-586.3372093];676207.85;0.64;64
ZIPAQUIRA;2021;[1.16906977];15307.08;0.6;60
ZIPAQUIRA;2022;[1.16910714];12755.9;0.6;60
ZIPAQUIRA;2023;[1.16911301];10933.63;0.6;60
ZIPAQUIRA;2024;[1.16910828];9566.93;0.6;60
ZIPAQUIRA;2025;[1.1691];8503.93;0.6;60
ZONA BA 1ERA;2021;[0.];0;1;100
ZONA BA 1ERA;2022;[0.];0;1;100
ZONA BA 1ERA;2023;[1.38765224e-27];0;1;100
ZONA BA 1ERA;2024;[0.];0;1;100
ZONA BA 1ERA;2025;[0.];0;1;100
;;;;0.702738928;70.27389277
